2025-08-26 06:41:13,131 - Knowledge - INFO - Redis support added with prefix knowledge:b6952m0:
2025-08-26 06:41:13,448 - Knowledge - INFO - load persisted knowledge: begin
2025-08-26 06:41:13,574 - Knowledge - INFO - load persisted knowledge: end
2025-08-26 06:41:13,653 - Knowledge - INFO - load persisted docinfo: begin
2025-08-26 06:41:13,753 - Knowledge - INFO - load persisted docinfo: end
2025-08-26 06:41:13,891 - Knowledge - INFO - worker kw1 created with dedicated MongoDB connection (total: 1)
2025-08-26 06:41:13,974 - Knowledge - INFO - knowledge worker kw1 start
2025-08-26 06:41:13,977 - Knowledge - INFO - worker kw2 created with dedicated MongoDB connection (total: 2)
2025-08-26 06:41:14,074 - Knowledge - INFO - worker kw1 pull /app/data/b2c/163538/b6952m0/rialto-gstreamer-163538/scripts/clang-format/process_clang-format_errors.py from ingest queue
2025-08-26 06:41:14,167 - Knowledge - INFO - knowledge worker kw2 start
2025-08-26 06:41:14,394 - Knowledge - INFO - worker kw2 pull /app/data/b2c/163538/b6952m0/rialto-gstreamer-163538/scripts/valgrind/process_valgrind_results.py from ingest queue
2025-08-26 06:41:14,331 - Knowledge - INFO - process ingested knowledge for /app/data/b2c/163538/b6952m0/rialto-gstreamer-163538/scripts/clang-format/process_clang-format_errors.py
2025-08-26 06:41:14,169 - Knowledge - INFO - worker kw3 created with dedicated MongoDB connection (total: 3)
2025-08-26 06:41:14,520 - Knowledge - INFO - process ingested knowledge for /app/data/b2c/163538/b6952m0/rialto-gstreamer-163538/scripts/valgrind/process_valgrind_results.py
2025-08-26 06:41:14,620 - Knowledge - INFO - Found code-base-name: https://github.com/kavia-common/rialto-gstreamer-163538.git:kavia-6.0.0-rc1
2025-08-26 06:41:14,708 - Knowledge - INFO - knowledge worker kw3 start
2025-08-26 06:41:14,711 - Knowledge - INFO - worker kw4 created with dedicated MongoDB connection (total: 4)
2025-08-26 06:41:14,820 - Knowledge - INFO - Found code-base-name: https://github.com/kavia-common/rialto-gstreamer-163538.git:kavia-6.0.0-rc1
2025-08-26 06:41:14,906 - Knowledge - INFO - Found code_base: <app.utils.kg_build.knowledge.KnowledgeCodeBase object at 0x7f107dc5db50>
2025-08-26 06:41:15,337 - Knowledge - INFO - persist ingested knowledge for /app/data/b2c/163538/b6952m0/rialto-gstreamer-163538/scripts/clang-format/process_clang-format_errors.py
2025-08-26 06:41:15,142 - Knowledge - INFO - knowledge worker kw4 start
2025-08-26 06:41:15,147 - Knowledge - INFO - worker kw5 created with dedicated MongoDB connection (total: 5)
2025-08-26 06:41:15,255 - Knowledge - INFO - Found code_base: <app.utils.kg_build.knowledge.KnowledgeCodeBase object at 0x7f107dc5db50>
2025-08-26 06:41:15,024 - Knowledge - INFO - worker kw3 pull /app/data/b2c/163538/b6952m0/rialto-gstreamer-163538/TERMS.md from ingest queue
2025-08-26 06:41:15,522 - Knowledge - INFO - adding /app/data/b2c/163538/b6952m0/rialto-gstreamer-163538/scripts/clang-format/process_clang-format_errors.py to ingest queue
2025-08-26 06:41:15,661 - Knowledge - INFO - knowledge worker kw5 start
2025-08-26 06:41:15,663 - Knowledge - INFO - worker kw6 created with dedicated MongoDB connection (total: 6)
2025-08-26 06:41:15,750 - Knowledge - INFO - persist ingested knowledge for /app/data/b2c/163538/b6952m0/rialto-gstreamer-163538/scripts/valgrind/process_valgrind_results.py
2025-08-26 06:41:15,894 - Knowledge - INFO - process ingested knowledge for /app/data/b2c/163538/b6952m0/rialto-gstreamer-163538/TERMS.md
2025-08-26 06:41:15,975 - Knowledge - INFO - worker kw4 pull /app/data/b2c/163538/b6952m0/rialto-gstreamer-163538/CMakeLists.txt from ingest queue
2025-08-26 06:41:15,976 - Knowledge - INFO - worker kw1 pull /app/data/b2c/163538/b6952m0/rialto-gstreamer-163538/cmake/googletest.cmake from ingest queue
2025-08-26 06:41:16,047 - Knowledge - INFO - worker kw5 pull /app/data/b2c/163538/b6952m0/rialto-gstreamer-163538/cmake/FindocdmRialto.cmake from ingest queue
2025-08-26 06:41:16,123 - Knowledge - INFO - knowledge worker kw6 start
2025-08-26 06:41:16,125 - Knowledge - INFO - worker kw7 created with dedicated MongoDB connection (total: 7)
2025-08-26 06:41:16,300 - Knowledge - INFO - adding /app/data/b2c/163538/b6952m0/rialto-gstreamer-163538/scripts/valgrind/process_valgrind_results.py to ingest queue
2025-08-26 06:41:16,507 - Knowledge - INFO - process ingested knowledge for /app/data/b2c/163538/b6952m0/rialto-gstreamer-163538/CMakeLists.txt
2025-08-26 06:41:16,598 - Knowledge - INFO - process ingested knowledge for /app/data/b2c/163538/b6952m0/rialto-gstreamer-163538/cmake/googletest.cmake
2025-08-26 06:41:16,716 - Knowledge - INFO - process ingested knowledge for /app/data/b2c/163538/b6952m0/rialto-gstreamer-163538/cmake/FindocdmRialto.cmake
2025-08-26 06:41:16,866 - Knowledge - INFO - knowledge worker kw7 start
2025-08-26 06:41:16,868 - Knowledge - INFO - worker kw8 created with dedicated MongoDB connection (total: 8)
2025-08-26 06:41:16,962 - Knowledge - INFO - Found code-base-name: https://github.com/kavia-common/rialto-gstreamer-163538.git:kavia-6.0.0-rc1
2025-08-26 06:41:16,962 - Knowledge - INFO - worker kw6 pull /app/data/b2c/163538/b6952m0/rialto-gstreamer-163538/cmake/FindRialto.cmake from ingest queue
2025-08-26 06:41:16,962 - Knowledge - INFO - worker kw2 pull /app/data/b2c/163538/b6952m0/rialto-gstreamer-163538/source/MessageQueue.h from ingest queue
2025-08-26 06:41:17,047 - Knowledge - INFO - Found code-base-name: https://github.com/kavia-common/rialto-gstreamer-163538.git:kavia-6.0.0-rc1
2025-08-26 06:41:17,128 - Knowledge - INFO - Found code-base-name: https://github.com/kavia-common/rialto-gstreamer-163538.git:kavia-6.0.0-rc1
2025-08-26 06:41:17,230 - Knowledge - INFO - Found code-base-name: https://github.com/kavia-common/rialto-gstreamer-163538.git:kavia-6.0.0-rc1
2025-08-26 06:41:17,308 - Knowledge - INFO - worker kw7 pull /app/data/b2c/163538/b6952m0/rialto-gstreamer-163538/source/RialtoGStreamerMSEBaseSinkCallbacks.h from ingest queue
2025-08-26 06:41:17,410 - Knowledge - INFO - knowledge worker kw8 start
2025-08-26 06:41:17,411 - Knowledge - INFO - worker kw9 created with dedicated MongoDB connection (total: 9)
2025-08-26 06:41:17,512 - Knowledge - INFO - Found code_base: <app.utils.kg_build.knowledge.KnowledgeCodeBase object at 0x7f107dc5db50>
2025-08-26 06:41:17,667 - Knowledge - INFO - process ingested knowledge for /app/data/b2c/163538/b6952m0/rialto-gstreamer-163538/cmake/FindRialto.cmake
2025-08-26 06:41:17,733 - Knowledge - INFO - process ingested knowledge for /app/data/b2c/163538/b6952m0/rialto-gstreamer-163538/source/MessageQueue.h
2025-08-26 06:41:17,824 - Knowledge - INFO - Found code_base: <app.utils.kg_build.knowledge.KnowledgeCodeBase object at 0x7f107dc5db50>
2025-08-26 06:41:17,944 - Knowledge - INFO - Found code_base: <app.utils.kg_build.knowledge.KnowledgeCodeBase object at 0x7f107dc5db50>
2025-08-26 06:41:18,027 - Knowledge - INFO - Found code_base: <app.utils.kg_build.knowledge.KnowledgeCodeBase object at 0x7f107dc5db50>
2025-08-26 06:41:18,179 - Knowledge - INFO - process ingested knowledge for /app/data/b2c/163538/b6952m0/rialto-gstreamer-163538/source/RialtoGStreamerMSEBaseSinkCallbacks.h
2025-08-26 06:41:18,269 - Knowledge - INFO - worker kw8 pull /app/data/b2c/163538/b6952m0/rialto-gstreamer-163538/source/RialtoGStreamerWebAudioSink.h from ingest queue
2025-08-26 06:41:18,393 - Knowledge - INFO - knowledge worker kw9 start
2025-08-26 06:41:18,395 - Knowledge - INFO - worker kw10 created with dedicated MongoDB connection (total: 10)
2025-08-26 06:41:18,479 - Knowledge - INFO - persist ingested knowledge for /app/data/b2c/163538/b6952m0/rialto-gstreamer-163538/TERMS.md
2025-08-26 06:41:18,565 - Knowledge - INFO - Found code-base-name: https://github.com/kavia-common/rialto-gstreamer-163538.git:kavia-6.0.0-rc1
2025-08-26 06:41:18,658 - Knowledge - INFO - Found code-base-name: https://github.com/kavia-common/rialto-gstreamer-163538.git:kavia-6.0.0-rc1
2025-08-26 06:41:18,742 - Knowledge - INFO - persist ingested knowledge for /app/data/b2c/163538/b6952m0/rialto-gstreamer-163538/CMakeLists.txt
2025-08-26 06:41:18,826 - Knowledge - INFO - persist ingested knowledge for /app/data/b2c/163538/b6952m0/rialto-gstreamer-163538/cmake/googletest.cmake
2025-08-26 06:41:18,902 - Knowledge - INFO - persist ingested knowledge for /app/data/b2c/163538/b6952m0/rialto-gstreamer-163538/cmake/FindocdmRialto.cmake
2025-08-26 06:41:19,008 - Knowledge - INFO - Found code-base-name: https://github.com/kavia-common/rialto-gstreamer-163538.git:kavia-6.0.0-rc1
2025-08-26 06:41:19,133 - Knowledge - INFO - process ingested knowledge for /app/data/b2c/163538/b6952m0/rialto-gstreamer-163538/source/RialtoGStreamerWebAudioSink.h
2025-08-26 06:41:19,212 - Knowledge - INFO - worker kw9 pull /app/data/b2c/163538/b6952m0/rialto-gstreamer-163538/source/ControlBackendInterface.h from ingest queue
2025-08-26 06:41:19,324 - Knowledge - INFO - knowledge worker kw10 start
2025-08-26 06:41:19,330 - Knowledge - INFO - worker kw11 created with dedicated MongoDB connection (total: 11)
2025-08-26 06:41:19,521 - Knowledge - INFO - adding /app/data/b2c/163538/b6952m0/rialto-gstreamer-163538/TERMS.md to ingest queue
2025-08-26 06:41:19,539 - Knowledge - INFO - Found code_base: <app.utils.kg_build.knowledge.KnowledgeCodeBase object at 0x7f107dc5db50>
2025-08-26 06:41:19,645 - Knowledge - INFO - Found code_base: <app.utils.kg_build.knowledge.KnowledgeCodeBase object at 0x7f107dc5db50>
2025-08-26 06:41:20,017 - Knowledge - INFO - Found code_base: <app.utils.kg_build.knowledge.KnowledgeCodeBase object at 0x7f107dc5db50>
2025-08-26 06:41:20,263 - Knowledge - INFO - process ingested knowledge for /app/data/b2c/163538/b6952m0/rialto-gstreamer-163538/source/ControlBackendInterface.h
2025-08-26 06:41:20,441 - Knowledge - INFO - knowledge worker kw11 start
2025-08-26 06:41:20,443 - Knowledge - INFO - worker kw12 created with dedicated MongoDB connection (total: 12)
2025-08-26 06:41:20,616 - Knowledge - INFO - persist ingested knowledge for /app/data/b2c/163538/b6952m0/rialto-gstreamer-163538/cmake/FindRialto.cmake
2025-08-26 06:41:20,701 - Knowledge - INFO - persist ingested knowledge for /app/data/b2c/163538/b6952m0/rialto-gstreamer-163538/source/MessageQueue.h
2025-08-26 06:41:20,707 - Knowledge - INFO - Found code-base-name: https://github.com/kavia-common/rialto-gstreamer-163538.git:kavia-6.0.0-rc1
2025-08-26 06:41:20,707 - Knowledge - INFO - adding /app/data/b2c/163538/b6952m0/rialto-gstreamer-163538/cmake/FindocdmRialto.cmake to ingest queue
2025-08-26 06:41:20,786 - Knowledge - INFO - persist ingested knowledge for /app/data/b2c/163538/b6952m0/rialto-gstreamer-163538/source/RialtoGStreamerMSEBaseSinkCallbacks.h
2025-08-26 06:41:21,064 - Knowledge - INFO - knowledge worker kw12 start
2025-08-26 06:41:21,066 - Knowledge - INFO - worker kw13 created with dedicated MongoDB connection (total: 13)
2025-08-26 06:41:21,356 - Knowledge - INFO - Found code_base: <app.utils.kg_build.knowledge.KnowledgeCodeBase object at 0x7f107dc5db50>
2025-08-26 06:41:21,438 - Knowledge - INFO - worker kw3 pull /app/data/b2c/163538/b6952m0/rialto-gstreamer-163538/source/RialtoGStreamerMSEBaseSink.h from ingest queue
2025-08-26 06:41:21,440 - Knowledge - INFO - adding /app/data/b2c/163538/b6952m0/rialto-gstreamer-163538/CMakeLists.txt to ingest queue
2025-08-26 06:41:21,708 - Knowledge - INFO - knowledge worker kw13 start
2025-08-26 06:41:21,710 - Knowledge - INFO - worker kw14 created with dedicated MongoDB connection (total: 14)
2025-08-26 06:41:21,795 - Knowledge - INFO - persist ingested knowledge for /app/data/b2c/163538/b6952m0/rialto-gstreamer-163538/source/RialtoGStreamerWebAudioSink.h
2025-08-26 06:41:21,948 - Knowledge - INFO - process ingested knowledge for /app/data/b2c/163538/b6952m0/rialto-gstreamer-163538/source/RialtoGStreamerMSEBaseSink.h
2025-08-26 06:41:22,007 - Knowledge - INFO - worker kw10 pull /app/data/b2c/163538/b6952m0/rialto-gstreamer-163538/source/BufferParser.cpp from ingest queue
2025-08-26 06:41:22,007 - Knowledge - INFO - Found code-base-name: https://github.com/kavia-common/rialto-gstreamer-163538.git:kavia-6.0.0-rc1
2025-08-26 06:41:22,012 - Knowledge - INFO - worker kw11 pull /app/data/b2c/163538/b6952m0/rialto-gstreamer-163538/source/GStreamerEMEUtils.h from ingest queue
2025-08-26 06:41:22,083 - Knowledge - INFO - adding /app/data/b2c/163538/b6952m0/rialto-gstreamer-163538/cmake/FindRialto.cmake to ingest queue
2025-08-26 06:41:22,168 - Knowledge - INFO - knowledge worker kw14 start
2025-08-26 06:41:22,170 - Knowledge - INFO - worker kw15 created with dedicated MongoDB connection (total: 15)
2025-08-26 06:41:22,521 - Knowledge - INFO - process ingested knowledge for /app/data/b2c/163538/b6952m0/rialto-gstreamer-163538/source/BufferParser.cpp
2025-08-26 06:41:22,571 - Knowledge - INFO - Found code_base: <app.utils.kg_build.knowledge.KnowledgeCodeBase object at 0x7f107dc5db50>
2025-08-26 06:41:22,713 - Knowledge - INFO - process ingested knowledge for /app/data/b2c/163538/b6952m0/rialto-gstreamer-163538/source/GStreamerEMEUtils.h
2025-08-26 06:41:22,736 - Knowledge - INFO - adding /app/data/b2c/163538/b6952m0/rialto-gstreamer-163538/cmake/googletest.cmake to ingest queue
2025-08-26 06:41:22,924 - Knowledge - INFO - knowledge worker kw15 start
2025-08-26 06:41:22,929 - Knowledge - INFO - worker kw16 created with dedicated MongoDB connection (total: 16)
2025-08-26 06:41:23,079 - Knowledge - INFO - persist ingested knowledge for /app/data/b2c/163538/b6952m0/rialto-gstreamer-163538/source/ControlBackendInterface.h
2025-08-26 06:41:23,260 - Knowledge - INFO - worker kw5 pull /app/data/b2c/163538/b6952m0/rialto-gstreamer-163538/source/GStreamerUtils.cpp from ingest queue
2025-08-26 06:41:23,326 - Knowledge - INFO - adding /app/data/b2c/163538/b6952m0/rialto-gstreamer-163538/source/RialtoGStreamerMSEBaseSinkCallbacks.h to ingest queue
2025-08-26 06:41:23,493 - Knowledge - INFO - knowledge worker kw16 start
2025-08-26 06:41:23,495 - Knowledge - INFO - worker kw17 created with dedicated MongoDB connection (total: 17)
2025-08-26 06:41:23,713 - Knowledge - INFO - process ingested knowledge for /app/data/b2c/163538/b6952m0/rialto-gstreamer-163538/source/GStreamerUtils.cpp
2025-08-26 06:41:23,867 - Knowledge - INFO - worker kw13 pull /app/data/b2c/163538/b6952m0/rialto-gstreamer-163538/source/GStreamerMSEMediaPlayerClient.cpp from ingest queue
2025-08-26 06:41:23,927 - Knowledge - INFO - Found code-base-name: https://github.com/kavia-common/rialto-gstreamer-163538.git:kavia-6.0.0-rc1
2025-08-26 06:41:23,928 - Knowledge - INFO - worker kw6 pull /app/data/b2c/163538/b6952m0/rialto-gstreamer-163538/source/RialtoGStreamerMSEVideoSink.h from ingest queue
2025-08-26 06:41:23,928 - Knowledge - INFO - worker kw14 pull /app/data/b2c/163538/b6952m0/rialto-gstreamer-163538/source/GStreamerWebAudioPlayerClient.h from ingest queue
2025-08-26 06:41:23,928 - Knowledge - INFO - Found code-base-name: https://github.com/kavia-common/rialto-gstreamer-163538.git:kavia-6.0.0-rc1
2025-08-26 06:41:23,928 - Knowledge - INFO - worker kw12 pull /app/data/b2c/163538/b6952m0/rialto-gstreamer-163538/source/RialtoGStreamerMSEAudioSink.cpp from ingest queue
2025-08-26 06:41:23,928 - Knowledge - INFO - worker kw1 pull /app/data/b2c/163538/b6952m0/rialto-gstreamer-163538/source/Timer.cpp from ingest queue
2025-08-26 06:41:23,928 - Knowledge - INFO - worker kw15 pull /app/data/b2c/163538/b6952m0/rialto-gstreamer-163538/source/MediaPlayerClientBackend.h from ingest queue
2025-08-26 06:41:23,928 - Knowledge - INFO - worker kw7 pull /app/data/b2c/163538/b6952m0/rialto-gstreamer-163538/source/GStreamerMSEUtils.h from ingest queue
2025-08-26 06:41:23,928 - Knowledge - INFO - worker kw16 pull /app/data/b2c/163538/b6952m0/rialto-gstreamer-163538/source/WebAudioClientBackendInterface.h from ingest queue
2025-08-26 06:41:23,928 - Knowledge - INFO - adding /app/data/b2c/163538/b6952m0/rialto-gstreamer-163538/source/RialtoGStreamerWebAudioSink.h to ingest queue
2025-08-26 06:41:24,002 - Knowledge - INFO - knowledge worker kw17 start
2025-08-26 06:41:24,007 - Knowledge - INFO - worker kw18 created with dedicated MongoDB connection (total: 18)
2025-08-26 06:41:24,208 - Knowledge - INFO - process ingested knowledge for /app/data/b2c/163538/b6952m0/rialto-gstreamer-163538/source/GStreamerMSEMediaPlayerClient.cpp
2025-08-26 06:41:24,262 - Knowledge - INFO - Found code_base: <app.utils.kg_build.knowledge.KnowledgeCodeBase object at 0x7f107dc5db50>
2025-08-26 06:41:24,401 - Knowledge - INFO - process ingested knowledge for /app/data/b2c/163538/b6952m0/rialto-gstreamer-163538/source/RialtoGStreamerMSEVideoSink.h
2025-08-26 06:41:24,495 - Knowledge - INFO - process ingested knowledge for /app/data/b2c/163538/b6952m0/rialto-gstreamer-163538/source/GStreamerWebAudioPlayerClient.h
2025-08-26 06:41:24,540 - Knowledge - INFO - Found code_base: <app.utils.kg_build.knowledge.KnowledgeCodeBase object at 0x7f107dc5db50>
2025-08-26 06:41:24,680 - Knowledge - INFO - process ingested knowledge for /app/data/b2c/163538/b6952m0/rialto-gstreamer-163538/source/RialtoGStreamerMSEAudioSink.cpp
2025-08-26 06:41:24,769 - Knowledge - INFO - process ingested knowledge for /app/data/b2c/163538/b6952m0/rialto-gstreamer-163538/source/Timer.cpp
2025-08-26 06:41:24,850 - Knowledge - INFO - process ingested knowledge for /app/data/b2c/163538/b6952m0/rialto-gstreamer-163538/source/MediaPlayerClientBackend.h
2025-08-26 06:41:24,947 - Knowledge - INFO - process ingested knowledge for /app/data/b2c/163538/b6952m0/rialto-gstreamer-163538/source/GStreamerMSEUtils.h
2025-08-26 06:41:25,055 - Knowledge - INFO - process ingested knowledge for /app/data/b2c/163538/b6952m0/rialto-gstreamer-163538/source/WebAudioClientBackendInterface.h
2025-08-26 06:41:25,118 - Knowledge - INFO - Found code-base-name: https://github.com/kavia-common/rialto-gstreamer-163538.git:kavia-6.0.0-rc1
2025-08-26 06:41:26,396 - Knowledge - INFO - Found code_base: <app.utils.kg_build.knowledge.KnowledgeCodeBase object at 0x7f107dc5db50>
2025-08-26 06:41:25,183 - Knowledge - INFO - adding /app/data/b2c/163538/b6952m0/rialto-gstreamer-163538/source/MessageQueue.h to ingest queue
2025-08-26 06:41:25,303 - Knowledge - INFO - knowledge worker kw18 start
2025-08-26 06:41:25,305 - Knowledge - INFO - worker kw19 created with dedicated MongoDB connection (total: 19)
2025-08-26 06:41:25,483 - Knowledge - INFO - persist ingested knowledge for /app/data/b2c/163538/b6952m0/rialto-gstreamer-163538/source/RialtoGStreamerMSEBaseSink.h
2025-08-26 06:41:25,784 - Knowledge - INFO - persist ingested knowledge for /app/data/b2c/163538/b6952m0/rialto-gstreamer-163538/source/GStreamerEMEUtils.h
2025-08-26 06:41:25,120 - Knowledge - INFO - worker kw4 pull /app/data/b2c/163538/b6952m0/rialto-gstreamer-163538/source/MediaPlayerManager.h from ingest queue
2025-08-26 06:41:26,508 - Knowledge - INFO - persist ingested knowledge for /app/data/b2c/163538/b6952m0/rialto-gstreamer-163538/source/BufferParser.cpp
2025-08-26 06:41:26,598 - Knowledge - INFO - Found code-base-name: https://github.com/kavia-common/rialto-gstreamer-163538.git:kavia-6.0.0-rc1
2025-08-26 06:41:26,599 - Knowledge - INFO - worker kw8 pull /app/data/b2c/163538/b6952m0/rialto-gstreamer-163538/source/CMakeLists.txt from ingest queue
2025-08-26 06:41:26,599 - Knowledge - INFO - adding /app/data/b2c/163538/b6952m0/rialto-gstreamer-163538/source/ControlBackendInterface.h to ingest queue
2025-08-26 06:41:26,819 - Knowledge - INFO - knowledge worker kw19 start
2025-08-26 06:41:26,820 - Knowledge - INFO - worker kw20 created with dedicated MongoDB connection (total: 20)
2025-08-26 06:41:27,136 - Knowledge - INFO - process ingested knowledge for /app/data/b2c/163538/b6952m0/rialto-gstreamer-163538/source/MediaPlayerManager.h
2025-08-26 06:41:27,300 - Knowledge - INFO - Found code_base: <app.utils.kg_build.knowledge.KnowledgeCodeBase object at 0x7f107dc5db50>
2025-08-26 06:41:27,419 - Knowledge - INFO - process ingested knowledge for /app/data/b2c/163538/b6952m0/rialto-gstreamer-163538/source/CMakeLists.txt
2025-08-26 06:41:27,485 - Knowledge - INFO - Found code-base-name: https://github.com/kavia-common/rialto-gstreamer-163538.git:kavia-6.0.0-rc1
2025-08-26 06:41:27,487 - Knowledge - INFO - Found code-base-name: https://github.com/kavia-common/rialto-gstreamer-163538.git:kavia-6.0.0-rc1
2025-08-26 06:41:27,487 - Knowledge - INFO - Found code-base-name: https://github.com/kavia-common/rialto-gstreamer-163538.git:kavia-6.0.0-rc1
2025-08-26 06:41:27,487 - Knowledge - INFO - Found code-base-name: https://github.com/kavia-common/rialto-gstreamer-163538.git:kavia-6.0.0-rc1
2025-08-26 06:41:27,487 - Knowledge - INFO - Found code-base-name: https://github.com/kavia-common/rialto-gstreamer-163538.git:kavia-6.0.0-rc1
2025-08-26 06:41:27,487 - Knowledge - INFO - Found code-base-name: https://github.com/kavia-common/rialto-gstreamer-163538.git:kavia-6.0.0-rc1
2025-08-26 06:41:27,487 - Knowledge - INFO - Found code-base-name: https://github.com/kavia-common/rialto-gstreamer-163538.git:kavia-6.0.0-rc1
2025-08-26 06:41:27,488 - Knowledge - INFO - Found code-base-name: https://github.com/kavia-common/rialto-gstreamer-163538.git:kavia-6.0.0-rc1
2025-08-26 06:41:27,488 - Knowledge - INFO - worker kw17 pull /app/data/b2c/163538/b6952m0/rialto-gstreamer-163538/source/GStreamerMSEUtils.cpp from ingest queue
2025-08-26 06:41:27,488 - Knowledge - INFO - worker kw2 pull /app/data/b2c/163538/b6952m0/rialto-gstreamer-163538/source/GStreamerUtils.h from ingest queue
2025-08-26 06:41:27,488 - Knowledge - INFO - worker kw18 pull /app/data/b2c/163538/b6952m0/rialto-gstreamer-163538/source/GStreamerMSEMediaPlayerClient.h from ingest queue
2025-08-26 06:41:27,598 - Knowledge - INFO - worker kw9 pull /app/data/b2c/163538/b6952m0/rialto-gstreamer-163538/source/MediaPlayerManager.cpp from ingest queue
2025-08-26 06:41:27,653 - Knowledge - INFO - worker kw19 pull /app/data/b2c/163538/b6952m0/rialto-gstreamer-163538/source/WebAudioClientBackend.h from ingest queue
2025-08-26 06:41:27,653 - Knowledge - INFO - adding /app/data/b2c/163538/b6952m0/rialto-gstreamer-163538/source/GStreamerEMEUtils.h to ingest queue
2025-08-26 06:41:27,678 - Knowledge - INFO - knowledge worker kw20 start
2025-08-26 06:41:27,883 - Knowledge - INFO - persist ingested knowledge for /app/data/b2c/163538/b6952m0/rialto-gstreamer-163538/source/GStreamerUtils.cpp
2025-08-26 06:41:28,122 - Knowledge - INFO - Found code_base: <app.utils.kg_build.knowledge.KnowledgeCodeBase object at 0x7f107dc5db50>
2025-08-26 06:41:28,235 - Knowledge - INFO - Found code_base: <app.utils.kg_build.knowledge.KnowledgeCodeBase object at 0x7f107dc5db50>
2025-08-26 06:41:29,867 - Knowledge - INFO - persist ingested knowledge for /app/data/b2c/163538/b6952m0/rialto-gstreamer-163538/source/RialtoGStreamerMSEVideoSink.h
2025-08-26 06:41:28,430 - Knowledge - INFO - Found code_base: <app.utils.kg_build.knowledge.KnowledgeCodeBase object at 0x7f107dc5db50>
2025-08-26 06:41:28,548 - Knowledge - INFO - Found code_base: <app.utils.kg_build.knowledge.KnowledgeCodeBase object at 0x7f107dc5db50>
2025-08-26 06:41:30,167 - Knowledge - INFO - persist ingested knowledge for /app/data/b2c/163538/b6952m0/rialto-gstreamer-163538/source/Timer.cpp
2025-08-26 06:41:28,754 - Knowledge - INFO - Found code_base: <app.utils.kg_build.knowledge.KnowledgeCodeBase object at 0x7f107dc5db50>
2025-08-26 06:41:30,366 - Knowledge - INFO - persist ingested knowledge for /app/data/b2c/163538/b6952m0/rialto-gstreamer-163538/source/GStreamerMSEUtils.h
2025-08-26 06:41:28,984 - Knowledge - INFO - process ingested knowledge for /app/data/b2c/163538/b6952m0/rialto-gstreamer-163538/source/GStreamerMSEUtils.cpp
2025-08-26 06:41:29,093 - Knowledge - INFO - process ingested knowledge for /app/data/b2c/163538/b6952m0/rialto-gstreamer-163538/source/GStreamerUtils.h
2025-08-26 06:41:29,196 - Knowledge - INFO - process ingested knowledge for /app/data/b2c/163538/b6952m0/rialto-gstreamer-163538/source/GStreamerMSEMediaPlayerClient.h
2025-08-26 06:41:29,315 - Knowledge - INFO - process ingested knowledge for /app/data/b2c/163538/b6952m0/rialto-gstreamer-163538/source/MediaPlayerManager.cpp
2025-08-26 06:41:27,680 - Knowledge - WARNING - High connection count: 21 connections active
2025-08-26 06:41:29,394 - Knowledge - INFO - process ingested knowledge for /app/data/b2c/163538/b6952m0/rialto-gstreamer-163538/source/WebAudioClientBackend.h
2025-08-26 06:41:29,462 - Knowledge - INFO - adding /app/data/b2c/163538/b6952m0/rialto-gstreamer-163538/source/BufferParser.cpp to ingest queue
2025-08-26 06:41:29,790 - Knowledge - INFO - persist ingested knowledge for /app/data/b2c/163538/b6952m0/rialto-gstreamer-163538/source/GStreamerMSEMediaPlayerClient.cpp
2025-08-26 06:41:28,319 - Knowledge - INFO - Found code_base: <app.utils.kg_build.knowledge.KnowledgeCodeBase object at 0x7f107dc5db50>
2025-08-26 06:41:30,073 - Knowledge - INFO - persist ingested knowledge for /app/data/b2c/163538/b6952m0/rialto-gstreamer-163538/source/RialtoGStreamerMSEAudioSink.cpp
2025-08-26 06:41:28,666 - Knowledge - INFO - Found code_base: <app.utils.kg_build.knowledge.KnowledgeCodeBase object at 0x7f107dc5db50>
2025-08-26 06:41:31,501 - Knowledge - INFO - persist ingested knowledge for /app/data/b2c/163538/b6952m0/rialto-gstreamer-163538/source/MediaPlayerClientBackend.h
2025-08-26 06:41:30,894 - Knowledge - INFO - worker kw21 created with dedicated MongoDB connection (total: 21)
2025-08-26 06:41:31,119 - Knowledge - INFO - adding /app/data/b2c/163538/b6952m0/rialto-gstreamer-163538/source/RialtoGStreamerMSEBaseSink.h to ingest queue
2025-08-26 06:41:31,290 - Knowledge - INFO - persist ingested knowledge for /app/data/b2c/163538/b6952m0/rialto-gstreamer-163538/source/GStreamerWebAudioPlayerClient.h
2025-08-26 06:41:28,832 - Knowledge - INFO - Found code_base: <app.utils.kg_build.knowledge.KnowledgeCodeBase object at 0x7f107dc5db50>
2025-08-26 06:41:31,737 - Knowledge - INFO - knowledge worker kw21 start
2025-08-26 06:41:31,742 - Knowledge - WARNING - High connection count: 22 connections active
2025-08-26 06:41:31,862 - Knowledge - INFO - Found code-base-name: https://github.com/kavia-common/rialto-gstreamer-163538.git:kavia-6.0.0-rc1
2025-08-26 06:41:31,863 - Knowledge - INFO - Found code-base-name: https://github.com/kavia-common/rialto-gstreamer-163538.git:kavia-6.0.0-rc1
2025-08-26 06:41:32,478 - Knowledge - INFO - Found code_base: <app.utils.kg_build.knowledge.KnowledgeCodeBase object at 0x7f107dc5db50>
2025-08-26 06:41:32,584 - Knowledge - INFO - persist ingested knowledge for /app/data/b2c/163538/b6952m0/rialto-gstreamer-163538/source/CMakeLists.txt
2025-08-26 06:41:32,112 - Knowledge - INFO - Found code-base-name: https://github.com/kavia-common/rialto-gstreamer-163538.git:kavia-6.0.0-rc1
2025-08-26 06:41:32,113 - Knowledge - INFO - Found code-base-name: https://github.com/kavia-common/rialto-gstreamer-163538.git:kavia-6.0.0-rc1
2025-08-26 06:41:32,845 - Knowledge - INFO - Found code_base: <app.utils.kg_build.knowledge.KnowledgeCodeBase object at 0x7f107dc5db50>
2025-08-26 06:41:32,113 - Knowledge - INFO - Found code-base-name: https://github.com/kavia-common/rialto-gstreamer-163538.git:kavia-6.0.0-rc1
2025-08-26 06:41:32,113 - Knowledge - INFO - Found code-base-name: https://github.com/kavia-common/rialto-gstreamer-163538.git:kavia-6.0.0-rc1
2025-08-26 06:41:32,113 - Knowledge - INFO - worker kw10 pull /app/data/b2c/163538/b6952m0/rialto-gstreamer-163538/source/RialtoGSteamerPlugin.cpp from ingest queue
2025-08-26 06:41:32,233 - Knowledge - INFO - worker kw3 pull /app/data/b2c/163538/b6952m0/rialto-gstreamer-163538/source/GStreamerEMEUtils.cpp from ingest queue
2025-08-26 06:41:32,233 - Knowledge - INFO - worker kw20 pull /app/data/b2c/163538/b6952m0/rialto-gstreamer-163538/source/RialtoGStreamerMSEBaseSinkPrivate.h from ingest queue
2025-08-26 06:41:32,282 - Knowledge - INFO - worker kw22 created with dedicated MongoDB connection (total: 22)
2025-08-26 06:41:32,293 - Knowledge - INFO - adding /app/data/b2c/163538/b6952m0/rialto-gstreamer-163538/source/RialtoGStreamerMSEVideoSink.h to ingest queue
2025-08-26 06:41:32,372 - Knowledge - INFO - Found code_base: <app.utils.kg_build.knowledge.KnowledgeCodeBase object at 0x7f107dc5db50>
2025-08-26 06:41:33,734 - Knowledge - INFO - persist ingested knowledge for /app/data/b2c/163538/b6952m0/rialto-gstreamer-163538/source/MediaPlayerManager.h
2025-08-26 06:41:32,036 - Knowledge - INFO - persist ingested knowledge for /app/data/b2c/163538/b6952m0/rialto-gstreamer-163538/source/WebAudioClientBackendInterface.h
2025-08-26 06:41:32,746 - Knowledge - INFO - Found code_base: <app.utils.kg_build.knowledge.KnowledgeCodeBase object at 0x7f107dc5db50>
2025-08-26 06:41:32,113 - Knowledge - INFO - Found code-base-name: https://github.com/kavia-common/rialto-gstreamer-163538.git:kavia-6.0.0-rc1
2025-08-26 06:41:34,152 - Knowledge - INFO - Found code_base: <app.utils.kg_build.knowledge.KnowledgeCodeBase object at 0x7f107dc5db50>
2025-08-26 06:41:33,048 - Knowledge - INFO - Found code_base: <app.utils.kg_build.knowledge.KnowledgeCodeBase object at 0x7f107dc5db50>
2025-08-26 06:41:33,147 - Knowledge - INFO - Found code_base: <app.utils.kg_build.knowledge.KnowledgeCodeBase object at 0x7f107dc5db50>
2025-08-26 06:41:33,263 - Knowledge - INFO - process ingested knowledge for /app/data/b2c/163538/b6952m0/rialto-gstreamer-163538/source/RialtoGSteamerPlugin.cpp
2025-08-26 06:41:33,377 - Knowledge - INFO - process ingested knowledge for /app/data/b2c/163538/b6952m0/rialto-gstreamer-163538/source/GStreamerEMEUtils.cpp
2025-08-26 06:41:33,470 - Knowledge - INFO - process ingested knowledge for /app/data/b2c/163538/b6952m0/rialto-gstreamer-163538/source/RialtoGStreamerMSEBaseSinkPrivate.h
2025-08-26 06:41:33,554 - Knowledge - INFO - knowledge worker kw22 start
2025-08-26 06:41:33,556 - Knowledge - WARNING - High connection count: 23 connections active
2025-08-26 06:41:33,651 - Knowledge - INFO - adding /app/data/b2c/163538/b6952m0/rialto-gstreamer-163538/source/Timer.cpp to ingest queue
2025-08-26 06:41:31,864 - Knowledge - INFO - worker kw11 pull /app/data/b2c/163538/b6952m0/rialto-gstreamer-163538/source/BufferParser.h from ingest queue
2025-08-26 06:41:34,045 - Knowledge - INFO - persist ingested knowledge for /app/data/b2c/163538/b6952m0/rialto-gstreamer-163538/source/GStreamerMSEUtils.cpp
2025-08-26 06:41:32,949 - Knowledge - INFO - persist ingested knowledge for /app/data/b2c/163538/b6952m0/rialto-gstreamer-163538/source/GStreamerUtils.h
2025-08-26 06:41:34,251 - Knowledge - INFO - persist ingested knowledge for /app/data/b2c/163538/b6952m0/rialto-gstreamer-163538/source/GStreamerMSEMediaPlayerClient.h
2025-08-26 06:41:34,365 - Knowledge - INFO - persist ingested knowledge for /app/data/b2c/163538/b6952m0/rialto-gstreamer-163538/source/MediaPlayerManager.cpp
2025-08-26 06:41:34,488 - Knowledge - INFO - persist ingested knowledge for /app/data/b2c/163538/b6952m0/rialto-gstreamer-163538/source/WebAudioClientBackend.h
2025-08-26 06:41:35,016 - Knowledge - INFO - worker kw23 created with dedicated MongoDB connection (total: 23)
2025-08-26 06:41:35,097 - Knowledge - INFO - adding /app/data/b2c/163538/b6952m0/rialto-gstreamer-163538/source/GStreamerMSEUtils.h to ingest queue
2025-08-26 06:41:35,229 - Knowledge - INFO - process ingested knowledge for /app/data/b2c/163538/b6952m0/rialto-gstreamer-163538/source/BufferParser.h
2025-08-26 06:41:35,849 - Knowledge - INFO - knowledge worker kw23 start
2025-08-26 06:41:35,852 - Knowledge - WARNING - High connection count: 24 connections active
2025-08-26 06:41:36,031 - Knowledge - INFO - worker kw21 pull /app/data/b2c/163538/b6952m0/rialto-gstreamer-163538/source/RialtoGStreamerMSEBaseSink.cpp from ingest queue
2025-08-26 06:41:36,032 - Knowledge - INFO - adding /app/data/b2c/163538/b6952m0/rialto-gstreamer-163538/source/GStreamerMSEMediaPlayerClient.cpp to ingest queue
2025-08-26 06:41:36,240 - Knowledge - INFO - worker kw24 created with dedicated MongoDB connection (total: 24)
2025-08-26 06:41:36,354 - Knowledge - INFO - process ingested knowledge for /app/data/b2c/163538/b6952m0/rialto-gstreamer-163538/source/RialtoGStreamerMSEBaseSink.cpp
2025-08-26 06:41:36,433 - Knowledge - INFO - adding /app/data/b2c/163538/b6952m0/rialto-gstreamer-163538/source/MediaPlayerClientBackend.h to ingest queue
2025-08-26 06:41:36,521 - Knowledge - INFO - knowledge worker kw24 start
2025-08-26 06:41:36,522 - Knowledge - WARNING - High connection count: 25 connections active
2025-08-26 06:41:36,716 - Knowledge - INFO - adding /app/data/b2c/163538/b6952m0/rialto-gstreamer-163538/source/GStreamerUtils.cpp to ingest queue
2025-08-26 06:41:36,922 - Knowledge - INFO - worker kw25 created with dedicated MongoDB connection (total: 25)
2025-08-26 06:41:37,002 - Knowledge - INFO - adding /app/data/b2c/163538/b6952m0/rialto-gstreamer-163538/source/GStreamerWebAudioPlayerClient.h to ingest queue
2025-08-26 06:41:37,107 - Knowledge - INFO - knowledge worker kw25 start
2025-08-26 06:41:37,284 - Knowledge - INFO - worker kw6 pull /app/data/b2c/163538/b6952m0/rialto-gstreamer-163538/source/MediaPlayerClientBackendInterface.h from ingest queue
2025-08-26 06:41:37,336 - Knowledge - INFO - adding /app/data/b2c/163538/b6952m0/rialto-gstreamer-163538/source/MediaPlayerManager.h to ingest queue
2025-08-26 06:41:37,476 - Knowledge - INFO - process ingested knowledge for /app/data/b2c/163538/b6952m0/rialto-gstreamer-163538/source/MediaPlayerClientBackendInterface.h
2025-08-26 06:41:37,550 - Knowledge - INFO - Found code-base-name: https://github.com/kavia-common/rialto-gstreamer-163538.git:kavia-6.0.0-rc1
2025-08-26 06:41:37,550 - Knowledge - INFO - Found code-base-name: https://github.com/kavia-common/rialto-gstreamer-163538.git:kavia-6.0.0-rc1
2025-08-26 06:41:37,551 - Knowledge - INFO - worker kw22 pull /app/data/b2c/163538/b6952m0/rialto-gstreamer-163538/source/RialtoGStreamerWebAudioSink.cpp from ingest queue
2025-08-26 06:41:37,551 - Knowledge - INFO - worker kw1 pull /app/data/b2c/163538/b6952m0/rialto-gstreamer-163538/source/GStreamerWebAudioPlayerClient.cpp from ingest queue
2025-08-26 06:41:37,728 - Knowledge - INFO - Found code_base: <app.utils.kg_build.knowledge.KnowledgeCodeBase object at 0x7f107dc5db50>
2025-08-26 06:41:37,794 - Knowledge - INFO - worker kw7 pull /app/data/b2c/163538/b6952m0/rialto-gstreamer-163538/source/RialtoGStreamerMSEVideoSink.cpp from ingest queue
2025-08-26 06:41:37,794 - Knowledge - INFO - adding /app/data/b2c/163538/b6952m0/rialto-gstreamer-163538/source/RialtoGStreamerMSEAudioSink.cpp to ingest queue
2025-08-26 06:41:37,822 - Knowledge - INFO - Found code_base: <app.utils.kg_build.knowledge.KnowledgeCodeBase object at 0x7f107dc5db50>
2025-08-26 06:41:38,445 - Knowledge - INFO - persist ingested knowledge for /app/data/b2c/163538/b6952m0/rialto-gstreamer-163538/source/RialtoGStreamerMSEBaseSinkPrivate.h
2025-08-26 06:41:38,069 - Knowledge - INFO - process ingested knowledge for /app/data/b2c/163538/b6952m0/rialto-gstreamer-163538/source/GStreamerWebAudioPlayerClient.cpp
2025-08-26 06:41:38,143 - Knowledge - INFO - persist ingested knowledge for /app/data/b2c/163538/b6952m0/rialto-gstreamer-163538/source/GStreamerEMEUtils.cpp
2025-08-26 06:41:38,273 - Knowledge - INFO - process ingested knowledge for /app/data/b2c/163538/b6952m0/rialto-gstreamer-163538/source/RialtoGStreamerMSEVideoSink.cpp
2025-08-26 06:41:38,357 - Knowledge - INFO - worker kw23 pull /app/data/b2c/163538/b6952m0/rialto-gstreamer-163538/source/RialtoGStreamerMSEVideoSinkPrivate.h from ingest queue
2025-08-26 06:41:38,358 - Knowledge - INFO - worker kw13 pull /app/data/b2c/163538/b6952m0/rialto-gstreamer-163538/source/Timer.h from ingest queue
2025-08-26 06:41:38,358 - Knowledge - INFO - Found code-base-name: https://github.com/kavia-common/rialto-gstreamer-163538.git:kavia-6.0.0-rc1
2025-08-26 06:41:38,358 - Knowledge - INFO - worker kw24 pull /app/data/b2c/163538/b6952m0/rialto-gstreamer-163538/source/RialtoGStreamerMSEAudioSink.h from ingest queue
2025-08-26 06:41:38,359 - Knowledge - INFO - worker kw5 pull /app/data/b2c/163538/b6952m0/rialto-gstreamer-163538/source/ControlBackend.h from ingest queue
2025-08-26 06:41:38,359 - Knowledge - INFO - worker kw14 pull /app/data/b2c/163538/b6952m0/rialto-gstreamer-163538/docs/index.html from ingest queue
2025-08-26 06:41:38,359 - Knowledge - INFO - adding /app/data/b2c/163538/b6952m0/rialto-gstreamer-163538/source/CMakeLists.txt to ingest queue
2025-08-26 06:41:37,980 - Knowledge - INFO - process ingested knowledge for /app/data/b2c/163538/b6952m0/rialto-gstreamer-163538/source/RialtoGStreamerWebAudioSink.cpp
2025-08-26 06:41:38,950 - Knowledge - INFO - process ingested knowledge for /app/data/b2c/163538/b6952m0/rialto-gstreamer-163538/source/RialtoGStreamerMSEVideoSinkPrivate.h
2025-08-26 06:41:39,056 - Knowledge - INFO - process ingested knowledge for /app/data/b2c/163538/b6952m0/rialto-gstreamer-163538/source/Timer.h
2025-08-26 06:41:39,103 - Knowledge - INFO - Found code_base: <app.utils.kg_build.knowledge.KnowledgeCodeBase object at 0x7f107dc5db50>
2025-08-26 06:41:39,872 - Knowledge - INFO - persist ingested knowledge for /app/data/b2c/163538/b6952m0/rialto-gstreamer-163538/source/RialtoGStreamerMSEBaseSink.cpp
2025-08-26 06:41:39,343 - Knowledge - INFO - process ingested knowledge for /app/data/b2c/163538/b6952m0/rialto-gstreamer-163538/source/ControlBackend.h
2025-08-26 06:41:39,432 - Knowledge - INFO - process ingested knowledge for /app/data/b2c/163538/b6952m0/rialto-gstreamer-163538/docs/index.html
2025-08-26 06:41:39,478 - Knowledge - INFO - worker kw25 pull /app/data/b2c/163538/b6952m0/rialto-gstreamer-163538/cppcheck_suppressions.xml from ingest queue
2025-08-26 06:41:39,479 - Knowledge - INFO - worker kw4 pull /app/data/b2c/163538/b6952m0/rialto-gstreamer-163538/README.md from ingest queue
2025-08-26 06:41:39,552 - Knowledge - INFO - adding /app/data/b2c/163538/b6952m0/rialto-gstreamer-163538/source/GStreamerUtils.h to ingest queue
2025-08-26 06:41:39,241 - Knowledge - INFO - process ingested knowledge for /app/data/b2c/163538/b6952m0/rialto-gstreamer-163538/source/RialtoGStreamerMSEAudioSink.h
2025-08-26 06:41:40,259 - Knowledge - INFO - process ingested knowledge for /app/data/b2c/163538/b6952m0/rialto-gstreamer-163538/cppcheck_suppressions.xml
2025-08-26 06:41:40,343 - Knowledge - INFO - process ingested knowledge for /app/data/b2c/163538/b6952m0/rialto-gstreamer-163538/README.md
2025-08-26 06:41:40,433 - Knowledge - INFO - adding /app/data/b2c/163538/b6952m0/rialto-gstreamer-163538/source/GStreamerMSEMediaPlayerClient.h to ingest queue
2025-08-26 06:41:40,865 - Knowledge - INFO - worker kw18 pull /app/data/b2c/163538/b6952m0/rialto-gstreamer-163538/tests/third-party/CMakeLists.txt from ingest queue
2025-08-26 06:41:40,867 - Knowledge - INFO - Found code-base-name: https://github.com/kavia-common/rialto-gstreamer-163538.git:kavia-6.0.0-rc1
2025-08-26 06:41:40,867 - Knowledge - INFO - worker kw12 pull /app/data/b2c/163538/b6952m0/rialto-gstreamer-163538/tests/third-party/source/ControlFactory.cpp from ingest queue
2025-08-26 06:41:40,868 - Knowledge - INFO - worker kw15 pull /app/data/b2c/163538/b6952m0/rialto-gstreamer-163538/tests/third-party/source/WebAudioPlayerFactory.cpp from ingest queue
2025-08-26 06:41:40,940 - Knowledge - INFO - Found code-base-name: https://github.com/kavia-common/rialto-gstreamer-163538.git:kavia-6.0.0-rc1
2025-08-26 06:41:41,026 - Knowledge - INFO - Found code-base-name: https://github.com/kavia-common/rialto-gstreamer-163538.git:kavia-6.0.0-rc1
2025-08-26 06:41:41,027 - Knowledge - INFO - worker kw8 pull /app/data/b2c/163538/b6952m0/rialto-gstreamer-163538/tests/third-party/source/MediaPipelineCapabilitiesFactory.cpp from ingest queue
2025-08-26 06:41:41,027 - Knowledge - INFO - Found code-base-name: https://github.com/kavia-common/rialto-gstreamer-163538.git:kavia-6.0.0-rc1
2025-08-26 06:41:41,027 - Knowledge - INFO - adding /app/data/b2c/163538/b6952m0/rialto-gstreamer-163538/source/GStreamerMSEUtils.cpp to ingest queue
2025-08-26 06:41:41,051 - Knowledge - INFO - process ingested knowledge for /app/data/b2c/163538/b6952m0/rialto-gstreamer-163538/tests/third-party/CMakeLists.txt
2025-08-26 06:41:41,074 - Knowledge - INFO - Found code_base: <app.utils.kg_build.knowledge.KnowledgeCodeBase object at 0x7f107dc5db50>
2025-08-26 06:41:41,225 - Knowledge - INFO - process ingested knowledge for /app/data/b2c/163538/b6952m0/rialto-gstreamer-163538/tests/third-party/source/ControlFactory.cpp
2025-08-26 06:41:41,327 - Knowledge - INFO - process ingested knowledge for /app/data/b2c/163538/b6952m0/rialto-gstreamer-163538/tests/third-party/source/WebAudioPlayerFactory.cpp
2025-08-26 06:41:41,408 - Knowledge - INFO - Found code_base: <app.utils.kg_build.knowledge.KnowledgeCodeBase object at 0x7f107dc5db50>
2025-08-26 06:41:41,489 - Knowledge - INFO - Found code_base: <app.utils.kg_build.knowledge.KnowledgeCodeBase object at 0x7f107dc5db50>
2025-08-26 06:41:41,644 - Knowledge - INFO - process ingested knowledge for /app/data/b2c/163538/b6952m0/rialto-gstreamer-163538/tests/third-party/source/MediaPipelineCapabilitiesFactory.cpp
2025-08-26 06:41:41,695 - Knowledge - INFO - Found code_base: <app.utils.kg_build.knowledge.KnowledgeCodeBase object at 0x7f107dc5db50>
2025-08-26 06:41:41,784 - Knowledge - INFO - worker kw17 pull /app/data/b2c/163538/b6952m0/rialto-gstreamer-163538/tests/third-party/source/MediaPipelineFactory.cpp from ingest queue
2025-08-26 06:41:41,784 - Knowledge - INFO - Found code-base-name: https://github.com/kavia-common/rialto-gstreamer-163538.git:kavia-6.0.0-rc1
2025-08-26 06:41:41,786 - Knowledge - INFO - Found code-base-name: https://github.com/kavia-common/rialto-gstreamer-163538.git:kavia-6.0.0-rc1
2025-08-26 06:41:41,787 - Knowledge - INFO - Found code-base-name: https://github.com/kavia-common/rialto-gstreamer-163538.git:kavia-6.0.0-rc1
2025-08-26 06:41:41,787 - Knowledge - INFO - worker kw2 pull /app/data/b2c/163538/b6952m0/rialto-gstreamer-163538/tests/ut/MediaPlayerClientBackendTests.cpp from ingest queue
2025-08-26 06:41:41,787 - Knowledge - INFO - Found code-base-name: https://github.com/kavia-common/rialto-gstreamer-163538.git:kavia-6.0.0-rc1
2025-08-26 06:41:41,787 - Knowledge - INFO - Found code-base-name: https://github.com/kavia-common/rialto-gstreamer-163538.git:kavia-6.0.0-rc1
2025-08-26 06:41:43,152 - Knowledge - INFO - Found code_base: <app.utils.kg_build.knowledge.KnowledgeCodeBase object at 0x7f107dc5db50>
2025-08-26 06:41:41,981 - Knowledge - INFO - persist ingested knowledge for /app/data/b2c/163538/b6952m0/rialto-gstreamer-163538/source/BufferParser.h
2025-08-26 06:41:42,247 - Knowledge - INFO - persist ingested knowledge for /app/data/b2c/163538/b6952m0/rialto-gstreamer-163538/source/GStreamerWebAudioPlayerClient.cpp
2025-08-26 06:41:42,345 - Knowledge - INFO - persist ingested knowledge for /app/data/b2c/163538/b6952m0/rialto-gstreamer-163538/source/RialtoGStreamerMSEVideoSink.cpp
2025-08-26 06:41:42,537 - Knowledge - INFO - persist ingested knowledge for /app/data/b2c/163538/b6952m0/rialto-gstreamer-163538/source/MediaPlayerClientBackendInterface.h
2025-08-26 06:41:42,650 - Knowledge - INFO - process ingested knowledge for /app/data/b2c/163538/b6952m0/rialto-gstreamer-163538/tests/third-party/source/MediaPipelineFactory.cpp
2025-08-26 06:41:42,720 - Knowledge - INFO - Found code_base: <app.utils.kg_build.knowledge.KnowledgeCodeBase object at 0x7f107dc5db50>
2025-08-26 06:41:42,795 - Knowledge - INFO - Found code_base: <app.utils.kg_build.knowledge.KnowledgeCodeBase object at 0x7f107dc5db50>
2025-08-26 06:41:42,905 - Knowledge - INFO - Found code_base: <app.utils.kg_build.knowledge.KnowledgeCodeBase object at 0x7f107dc5db50>
2025-08-26 06:41:43,018 - Knowledge - INFO - process ingested knowledge for /app/data/b2c/163538/b6952m0/rialto-gstreamer-163538/tests/ut/MediaPlayerClientBackendTests.cpp
2025-08-26 06:41:43,067 - Knowledge - INFO - Found code_base: <app.utils.kg_build.knowledge.KnowledgeCodeBase object at 0x7f107dc5db50>
2025-08-26 06:41:41,787 - Knowledge - INFO - adding /app/data/b2c/163538/b6952m0/rialto-gstreamer-163538/source/MediaPlayerManager.cpp to ingest queue
2025-08-26 06:41:43,239 - Knowledge - INFO - persist ingested knowledge for /app/data/b2c/163538/b6952m0/rialto-gstreamer-163538/README.md
2025-08-26 06:41:43,856 - Knowledge - INFO - persist ingested knowledge for /app/data/b2c/163538/b6952m0/rialto-gstreamer-163538/source/Timer.h
2025-08-26 06:41:43,939 - Knowledge - INFO - persist ingested knowledge for /app/data/b2c/163538/b6952m0/rialto-gstreamer-163538/source/ControlBackend.h
2025-08-26 06:41:44,019 - Knowledge - INFO - persist ingested knowledge for /app/data/b2c/163538/b6952m0/rialto-gstreamer-163538/docs/index.html
2025-08-26 06:41:44,219 - Knowledge - INFO - persist ingested knowledge for /app/data/b2c/163538/b6952m0/rialto-gstreamer-163538/source/RialtoGStreamerMSEAudioSink.h
2025-08-26 06:41:44,342 - Knowledge - INFO - adding /app/data/b2c/163538/b6952m0/rialto-gstreamer-163538/source/WebAudioClientBackend.h to ingest queue
2025-08-26 06:41:45,044 - Knowledge - INFO - Found code-base-name: https://github.com/kavia-common/rialto-gstreamer-163538.git:kavia-6.0.0-rc1
2025-08-26 06:41:45,045 - Knowledge - INFO - adding /app/data/b2c/163538/b6952m0/rialto-gstreamer-163538/source/RialtoGStreamerMSEBaseSinkPrivate.h to ingest queue
2025-08-26 06:41:45,134 - Knowledge - INFO - Found code_base: <app.utils.kg_build.knowledge.KnowledgeCodeBase object at 0x7f107dc5db50>
2025-08-26 06:41:45,242 - Knowledge - INFO - adding /app/data/b2c/163538/b6952m0/rialto-gstreamer-163538/source/GStreamerEMEUtils.cpp to ingest queue
2025-08-26 06:41:45,333 - Knowledge - INFO - persist ingested knowledge for /app/data/b2c/163538/b6952m0/rialto-gstreamer-163538/source/RialtoGSteamerPlugin.cpp
2025-08-26 06:41:45,417 - Knowledge - INFO - Found code-base-name: https://github.com/kavia-common/rialto-gstreamer-163538.git:kavia-6.0.0-rc1
2025-08-26 06:41:45,613 - Knowledge - INFO - Found code_base: <app.utils.kg_build.knowledge.KnowledgeCodeBase object at 0x7f107dc5db50>
2025-08-26 06:41:45,480 - Knowledge - INFO - adding /app/data/b2c/163538/b6952m0/rialto-gstreamer-163538/source/RialtoGStreamerMSEBaseSink.cpp to ingest queue
2025-08-26 06:41:45,725 - Knowledge - INFO - persist ingested knowledge for /app/data/b2c/163538/b6952m0/rialto-gstreamer-163538/source/RialtoGStreamerWebAudioSink.cpp
2025-08-26 06:41:45,838 - Knowledge - INFO - Found code-base-name: https://github.com/kavia-common/rialto-gstreamer-163538.git:kavia-6.0.0-rc1
2025-08-26 06:41:45,845 - Knowledge - INFO - Found code-base-name: https://github.com/kavia-common/rialto-gstreamer-163538.git:kavia-6.0.0-rc1
2025-08-26 06:41:45,845 - Knowledge - INFO - Found code-base-name: https://github.com/kavia-common/rialto-gstreamer-163538.git:kavia-6.0.0-rc1
2025-08-26 06:41:45,845 - Knowledge - INFO - Found code-base-name: https://github.com/kavia-common/rialto-gstreamer-163538.git:kavia-6.0.0-rc1
2025-08-26 06:41:46,343 - Knowledge - INFO - Found code_base: <app.utils.kg_build.knowledge.KnowledgeCodeBase object at 0x7f107dc5db50>
2025-08-26 06:41:45,928 - Knowledge - INFO - adding /app/data/b2c/163538/b6952m0/rialto-gstreamer-163538/source/BufferParser.h to ingest queue
2025-08-26 06:41:46,056 - Knowledge - INFO - Found code_base: <app.utils.kg_build.knowledge.KnowledgeCodeBase object at 0x7f107dc5db50>
2025-08-26 06:41:46,157 - Knowledge - INFO - Found code_base: <app.utils.kg_build.knowledge.KnowledgeCodeBase object at 0x7f107dc5db50>
2025-08-26 06:41:46,237 - Knowledge - INFO - Found code_base: <app.utils.kg_build.knowledge.KnowledgeCodeBase object at 0x7f107dc5db50>
2025-08-26 06:41:45,845 - Knowledge - INFO - Found code-base-name: https://github.com/kavia-common/rialto-gstreamer-163538.git:kavia-6.0.0-rc1
2025-08-26 06:41:46,464 - Knowledge - INFO - persist ingested knowledge for /app/data/b2c/163538/b6952m0/rialto-gstreamer-163538/tests/third-party/source/WebAudioPlayerFactory.cpp
2025-08-26 06:41:46,670 - Knowledge - INFO - persist ingested knowledge for /app/data/b2c/163538/b6952m0/rialto-gstreamer-163538/cppcheck_suppressions.xml
2025-08-26 06:41:46,738 - Knowledge - INFO - adding /app/data/b2c/163538/b6952m0/rialto-gstreamer-163538/source/MediaPlayerClientBackendInterface.h to ingest queue
2025-08-26 06:41:46,762 - Knowledge - INFO - persist ingested knowledge for /app/data/b2c/163538/b6952m0/rialto-gstreamer-163538/tests/third-party/CMakeLists.txt
2025-08-26 06:41:46,857 - Knowledge - INFO - persist ingested knowledge for /app/data/b2c/163538/b6952m0/rialto-gstreamer-163538/tests/third-party/source/ControlFactory.cpp
2025-08-26 06:41:46,958 - Knowledge - INFO - Found code_base: <app.utils.kg_build.knowledge.KnowledgeCodeBase object at 0x7f107dc5db50>
2025-08-26 06:41:47,261 - Knowledge - INFO - Found code-base-name: https://github.com/kavia-common/rialto-gstreamer-163538.git:kavia-6.0.0-rc1
2025-08-26 06:41:47,263 - Knowledge - INFO - worker kw9 pull /app/data/b2c/163538/b6952m0/rialto-gstreamer-163538/tests/ut/GStreamerEmeUtilsTests.cpp from ingest queue
2025-08-26 06:41:47,331 - Knowledge - INFO - adding /app/data/b2c/163538/b6952m0/rialto-gstreamer-163538/README.md to ingest queue
2025-08-26 06:41:47,558 - Knowledge - INFO - persist ingested knowledge for /app/data/b2c/163538/b6952m0/rialto-gstreamer-163538/tests/third-party/source/MediaPipelineCapabilitiesFactory.cpp
2025-08-26 06:41:47,682 - Knowledge - INFO - Found code_base: <app.utils.kg_build.knowledge.KnowledgeCodeBase object at 0x7f107dc5db50>
2025-08-26 06:41:47,857 - Knowledge - INFO - process ingested knowledge for /app/data/b2c/163538/b6952m0/rialto-gstreamer-163538/tests/ut/GStreamerEmeUtilsTests.cpp
2025-08-26 06:41:48,008 - Knowledge - INFO - worker kw19 pull /app/data/b2c/163538/b6952m0/rialto-gstreamer-163538/tests/ut/CMakeLists.txt from ingest queue
2025-08-26 06:41:48,008 - Knowledge - INFO - worker kw20 pull /app/data/b2c/163538/b6952m0/rialto-gstreamer-163538/tests/ut/ControlBackendTests.cpp from ingest queue
2025-08-26 06:41:48,008 - Knowledge - INFO - worker kw3 pull /app/data/b2c/163538/b6952m0/rialto-gstreamer-163538/tests/ut/BufferParserTests.cpp from ingest queue
2025-08-26 06:41:48,008 - Knowledge - INFO - worker kw21 pull /app/data/b2c/163538/b6952m0/rialto-gstreamer-163538/tests/ut/WebAudioClientBackendTests.cpp from ingest queue
2025-08-26 06:41:48,063 - Knowledge - INFO - worker kw11 pull /app/data/b2c/163538/b6952m0/rialto-gstreamer-163538/tests/ut/GStreamerUtilsTests.cpp from ingest queue
2025-08-26 06:41:48,064 - Knowledge - INFO - adding /app/data/b2c/163538/b6952m0/rialto-gstreamer-163538/source/RialtoGStreamerMSEVideoSink.cpp to ingest queue
2025-08-26 06:41:48,078 - Knowledge - INFO - persist ingested knowledge for /app/data/b2c/163538/b6952m0/rialto-gstreamer-163538/tests/ut/MediaPlayerClientBackendTests.cpp
2025-08-26 06:41:48,298 - Knowledge - INFO - process ingested knowledge for /app/data/b2c/163538/b6952m0/rialto-gstreamer-163538/tests/ut/CMakeLists.txt
2025-08-26 06:41:48,399 - Knowledge - INFO - process ingested knowledge for /app/data/b2c/163538/b6952m0/rialto-gstreamer-163538/tests/ut/ControlBackendTests.cpp
2025-08-26 06:41:48,512 - Knowledge - INFO - process ingested knowledge for /app/data/b2c/163538/b6952m0/rialto-gstreamer-163538/tests/ut/BufferParserTests.cpp
2025-08-26 06:41:48,606 - Knowledge - INFO - process ingested knowledge for /app/data/b2c/163538/b6952m0/rialto-gstreamer-163538/tests/ut/WebAudioClientBackendTests.cpp
2025-08-26 06:41:48,700 - Knowledge - INFO - process ingested knowledge for /app/data/b2c/163538/b6952m0/rialto-gstreamer-163538/tests/ut/GStreamerUtilsTests.cpp
2025-08-26 06:41:48,800 - Knowledge - INFO - worker kw7 pull /app/data/b2c/163538/b6952m0/rialto-gstreamer-163538/tests/mocks/MediaPipelineCapabilitiesMock.h from ingest queue
2025-08-26 06:41:48,870 - Knowledge - INFO - worker kw6 pull /app/data/b2c/163538/b6952m0/rialto-gstreamer-163538/tests/mocks/WebAudioPlayerClientMock.h from ingest queue
2025-08-26 06:41:49,006 - Knowledge - INFO - adding /app/data/b2c/163538/b6952m0/rialto-gstreamer-163538/docs/index.html to ingest queue
2025-08-26 06:41:49,616 - Knowledge - INFO - process ingested knowledge for /app/data/b2c/163538/b6952m0/rialto-gstreamer-163538/tests/mocks/MediaPipelineCapabilitiesMock.h
2025-08-26 06:41:49,692 - Knowledge - INFO - process ingested knowledge for /app/data/b2c/163538/b6952m0/rialto-gstreamer-163538/tests/mocks/WebAudioPlayerClientMock.h
2025-08-26 06:41:49,837 - Knowledge - INFO - adding /app/data/b2c/163538/b6952m0/rialto-gstreamer-163538/source/WebAudioClientBackendInterface.h to ingest queue
2025-08-26 06:41:50,108 - Knowledge - INFO - adding /app/data/b2c/163538/b6952m0/rialto-gstreamer-163538/source/RialtoGStreamerMSEAudioSink.h to ingest queue
2025-08-26 06:41:50,234 - Knowledge - INFO - Found code-base-name: https://github.com/kavia-common/rialto-gstreamer-163538.git:kavia-6.0.0-rc1
2025-08-26 06:41:50,330 - Knowledge - INFO - Found code_base: <app.utils.kg_build.knowledge.KnowledgeCodeBase object at 0x7f107dc5db50>
2025-08-26 06:41:50,346 - Knowledge - INFO - adding /app/data/b2c/163538/b6952m0/rialto-gstreamer-163538/source/RialtoGStreamerWebAudioSink.cpp to ingest queue
2025-08-26 06:41:50,425 - Knowledge - INFO - persist ingested knowledge for /app/data/b2c/163538/b6952m0/rialto-gstreamer-163538/source/RialtoGStreamerMSEVideoSinkPrivate.h
2025-08-26 06:41:50,508 - Knowledge - INFO - adding /app/data/b2c/163538/b6952m0/rialto-gstreamer-163538/source/GStreamerWebAudioPlayerClient.cpp to ingest queue
2025-08-26 06:41:50,720 - Knowledge - INFO - Found code-base-name: https://github.com/kavia-common/rialto-gstreamer-163538.git:kavia-6.0.0-rc1
2025-08-26 06:41:50,821 - Knowledge - INFO - Found code_base: <app.utils.kg_build.knowledge.KnowledgeCodeBase object at 0x7f107dc5db50>
2025-08-26 06:41:50,833 - Knowledge - INFO - adding /app/data/b2c/163538/b6952m0/rialto-gstreamer-163538/cppcheck_suppressions.xml to ingest queue
2025-08-26 06:41:50,943 - Knowledge - INFO - persist ingested knowledge for /app/data/b2c/163538/b6952m0/rialto-gstreamer-163538/tests/ut/GStreamerEmeUtilsTests.cpp
2025-08-26 06:41:51,147 - Knowledge - INFO - adding /app/data/b2c/163538/b6952m0/rialto-gstreamer-163538/tests/third-party/CMakeLists.txt to ingest queue
2025-08-26 06:41:51,244 - Knowledge - INFO - worker kw4 pull /app/data/b2c/163538/b6952m0/rialto-gstreamer-163538/tests/mocks/MediaPipelineMock.h from ingest queue
2025-08-26 06:41:51,246 - Knowledge - INFO - adding /app/data/b2c/163538/b6952m0/rialto-gstreamer-163538/tests/third-party/source/ControlFactory.cpp to ingest queue
2025-08-26 06:41:51,371 - Knowledge - INFO - process ingested knowledge for /app/data/b2c/163538/b6952m0/rialto-gstreamer-163538/tests/mocks/MediaPipelineMock.h
2025-08-26 06:41:51,456 - Knowledge - INFO - Found code-base-name: https://github.com/kavia-common/rialto-gstreamer-163538.git:kavia-6.0.0-rc1
2025-08-26 06:41:51,681 - Knowledge - INFO - Found code_base: <app.utils.kg_build.knowledge.KnowledgeCodeBase object at 0x7f107dc5db50>
2025-08-26 06:41:51,457 - Knowledge - INFO - Found code-base-name: https://github.com/kavia-common/rialto-gstreamer-163538.git:kavia-6.0.0-rc1
2025-08-26 06:41:51,458 - Knowledge - INFO - Found code-base-name: https://github.com/kavia-common/rialto-gstreamer-163538.git:kavia-6.0.0-rc1
2025-08-26 06:41:51,458 - Knowledge - INFO - Found code-base-name: https://github.com/kavia-common/rialto-gstreamer-163538.git:kavia-6.0.0-rc1
2025-08-26 06:41:51,458 - Knowledge - INFO - worker kw14 pull /app/data/b2c/163538/b6952m0/rialto-gstreamer-163538/tests/mocks/CMakeLists.txt from ingest queue
2025-08-26 06:41:51,458 - Knowledge - INFO - adding /app/data/b2c/163538/b6952m0/rialto-gstreamer-163538/tests/third-party/source/MediaPipelineCapabilitiesFactory.cpp to ingest queue
2025-08-26 06:41:51,456 - Knowledge - INFO - Found code-base-name: https://github.com/kavia-common/rialto-gstreamer-163538.git:kavia-6.0.0-rc1
2025-08-26 06:41:51,792 - Knowledge - INFO - persist ingested knowledge for /app/data/b2c/163538/b6952m0/rialto-gstreamer-163538/tests/ut/CMakeLists.txt
2025-08-26 06:41:51,884 - Knowledge - INFO - Found code_base: <app.utils.kg_build.knowledge.KnowledgeCodeBase object at 0x7f107dc5db50>
2025-08-26 06:41:51,974 - Knowledge - INFO - Found code_base: <app.utils.kg_build.knowledge.KnowledgeCodeBase object at 0x7f107dc5db50>
2025-08-26 06:41:52,066 - Knowledge - INFO - Found code_base: <app.utils.kg_build.knowledge.KnowledgeCodeBase object at 0x7f107dc5db50>
2025-08-26 06:41:52,798 - Knowledge - INFO - persist ingested knowledge for /app/data/b2c/163538/b6952m0/rialto-gstreamer-163538/tests/ut/GStreamerUtilsTests.cpp
2025-08-26 06:41:52,288 - Knowledge - INFO - Found code-base-name: https://github.com/kavia-common/rialto-gstreamer-163538.git:kavia-6.0.0-rc1
2025-08-26 06:41:52,291 - Knowledge - INFO - worker kw16 pull /app/data/b2c/163538/b6952m0/rialto-gstreamer-163538/tests/mocks/ControlMock.h from ingest queue
2025-08-26 06:41:52,291 - Knowledge - INFO - worker kw24 pull /app/data/b2c/163538/b6952m0/rialto-gstreamer-163538/tests/mocks/MediaPipelineClientMock.h from ingest queue
2025-08-26 06:41:52,291 - Knowledge - INFO - Found code-base-name: https://github.com/kavia-common/rialto-gstreamer-163538.git:kavia-6.0.0-rc1
2025-08-26 06:41:52,353 - Knowledge - INFO - worker kw1 pull /app/data/b2c/163538/b6952m0/rialto-gstreamer-163538/tests/mocks/WebAudioPlayerMock.h from ingest queue
2025-08-26 06:41:52,353 - Knowledge - INFO - adding /app/data/b2c/163538/b6952m0/rialto-gstreamer-163538/source/Timer.h to ingest queue
2025-08-26 06:41:52,379 - Knowledge - INFO - Found code_base: <app.utils.kg_build.knowledge.KnowledgeCodeBase object at 0x7f107dc5db50>
2025-08-26 06:41:52,592 - Knowledge - INFO - persist ingested knowledge for /app/data/b2c/163538/b6952m0/rialto-gstreamer-163538/tests/ut/BufferParserTests.cpp
2025-08-26 06:41:52,678 - Knowledge - INFO - persist ingested knowledge for /app/data/b2c/163538/b6952m0/rialto-gstreamer-163538/tests/ut/WebAudioClientBackendTests.cpp
2025-08-26 06:41:52,201 - Knowledge - INFO - process ingested knowledge for /app/data/b2c/163538/b6952m0/rialto-gstreamer-163538/tests/mocks/CMakeLists.txt
2025-08-26 06:41:52,988 - Knowledge - INFO - Found code_base: <app.utils.kg_build.knowledge.KnowledgeCodeBase object at 0x7f107dc5db50>
2025-08-26 06:41:53,158 - Knowledge - INFO - process ingested knowledge for /app/data/b2c/163538/b6952m0/rialto-gstreamer-163538/tests/mocks/ControlMock.h
2025-08-26 06:41:53,240 - Knowledge - INFO - process ingested knowledge for /app/data/b2c/163538/b6952m0/rialto-gstreamer-163538/tests/mocks/MediaPipelineClientMock.h
2025-08-26 06:41:53,324 - Knowledge - INFO - Found code_base: <app.utils.kg_build.knowledge.KnowledgeCodeBase object at 0x7f107dc5db50>
2025-08-26 06:41:53,461 - Knowledge - INFO - process ingested knowledge for /app/data/b2c/163538/b6952m0/rialto-gstreamer-163538/tests/mocks/WebAudioPlayerMock.h
2025-08-26 06:41:53,513 - Knowledge - INFO - worker kw13 pull /app/data/b2c/163538/b6952m0/rialto-gstreamer-163538/CONTRIBUTING.md from ingest queue
2025-08-26 06:41:53,514 - Knowledge - INFO - adding /app/data/b2c/163538/b6952m0/rialto-gstreamer-163538/source/ControlBackend.h to ingest queue
2025-08-26 06:41:53,626 - Knowledge - INFO - persist ingested knowledge for /app/data/b2c/163538/b6952m0/rialto-gstreamer-163538/tests/ut/ControlBackendTests.cpp
2025-08-26 06:41:54,007 - Knowledge - INFO - persist ingested knowledge for /app/data/b2c/163538/b6952m0/rialto-gstreamer-163538/tests/mocks/WebAudioPlayerClientMock.h
2025-08-26 06:41:54,346 - Knowledge - INFO - persist ingested knowledge for /app/data/b2c/163538/b6952m0/rialto-gstreamer-163538/tests/third-party/source/MediaPipelineFactory.cpp
2025-08-26 06:41:54,605 - Knowledge - INFO - process ingested knowledge for /app/data/b2c/163538/b6952m0/rialto-gstreamer-163538/CONTRIBUTING.md
2025-08-26 06:41:54,641 - Knowledge - INFO - adding /app/data/b2c/163538/b6952m0/rialto-gstreamer-163538/tests/ut/MediaPlayerClientBackendTests.cpp to ingest queue
2025-08-26 06:41:55,165 - Knowledge - INFO - worker kw18 pull /app/data/b2c/163538/b6952m0/rialto-gstreamer-163538/CHANGELOG.md from ingest queue
2025-08-26 06:41:55,167 - Knowledge - INFO - worker kw12 pull /app/data/b2c/163538/b6952m0/rialto-gstreamer-163538/build_ut.py from ingest queue
2025-08-26 06:41:55,167 - Knowledge - INFO - Found code-base-name: https://github.com/kavia-common/rialto-gstreamer-163538.git:kavia-6.0.0-rc1
2025-08-26 06:41:55,168 - Knowledge - INFO - worker kw8 pull /app/data/b2c/163538/b6952m0/rialto-gstreamer-163538/scripts/clang-format/process_clang-format_errors.py from ingest queue
2025-08-26 06:41:55,168 - Knowledge - INFO - worker kw22 pull /app/data/b2c/163538/b6952m0/rialto-gstreamer-163538/scripts/valgrind/process_valgrind_results.py from ingest queue
2025-08-26 06:41:55,168 - Knowledge - INFO - adding /app/data/b2c/163538/b6952m0/rialto-gstreamer-163538/source/RialtoGStreamerMSEVideoSinkPrivate.h to ingest queue
2025-08-26 06:41:55,308 - Knowledge - INFO - process ingested knowledge for /app/data/b2c/163538/b6952m0/rialto-gstreamer-163538/CHANGELOG.md
2025-08-26 06:41:55,403 - Knowledge - INFO - process ingested knowledge for /app/data/b2c/163538/b6952m0/rialto-gstreamer-163538/build_ut.py
2025-08-26 06:41:55,452 - Knowledge - INFO - Found code_base: <app.utils.kg_build.knowledge.KnowledgeCodeBase object at 0x7f107dc5db50>
2025-08-26 06:41:55,580 - Knowledge - INFO - Thread kw8 - File process_clang-format_errors.py - Remaining files in queue: 46
2025-08-26 06:41:55,684 - Knowledge - INFO - Thread kw22 - File process_valgrind_results.py - Remaining files in queue: 46
2025-08-26 06:41:55,910 - Knowledge - INFO - worker kw25 pull /app/data/b2c/163538/b6952m0/rialto-gstreamer-163538/TERMS.md from ingest queue
2025-08-26 06:41:55,984 - Knowledge - INFO - Found code-base-name: https://github.com/kavia-common/rialto-gstreamer-163538.git:kavia-6.0.0-rc1
2025-08-26 06:41:55,985 - Knowledge - INFO - Found code-base-name: https://github.com/kavia-common/rialto-gstreamer-163538.git:kavia-6.0.0-rc1
2025-08-26 06:41:55,985 - Knowledge - INFO - Found code-base-name: https://github.com/kavia-common/rialto-gstreamer-163538.git:kavia-6.0.0-rc1
2025-08-26 06:41:55,985 - Knowledge - INFO - Found code-base-name: https://github.com/kavia-common/rialto-gstreamer-163538.git:kavia-6.0.0-rc1
2025-08-26 06:41:55,985 - Knowledge - INFO - worker kw5 pull /app/data/b2c/163538/b6952m0/rialto-gstreamer-163538/cmake/FindocdmRialto.cmake from ingest queue
2025-08-26 06:41:56,990 - Knowledge - INFO - Thread kw5 - File FindocdmRialto.cmake - Remaining files in queue: 44
2025-08-26 06:41:56,104 - Knowledge - INFO - Found code-base-name: https://github.com/kavia-common/rialto-gstreamer-163538.git:kavia-6.0.0-rc1
2025-08-26 06:41:56,104 - Knowledge - INFO - Found code-base-name: https://github.com/kavia-common/rialto-gstreamer-163538.git:kavia-6.0.0-rc1
2025-08-26 06:41:56,104 - Knowledge - INFO - worker kw2 pull /app/data/b2c/163538/b6952m0/rialto-gstreamer-163538/CMakeLists.txt from ingest queue
2025-08-26 06:41:56,104 - Knowledge - INFO - adding /app/data/b2c/163538/b6952m0/rialto-gstreamer-163538/source/RialtoGSteamerPlugin.cpp to ingest queue
2025-08-26 06:41:56,226 - Knowledge - INFO - start ingest for /app/data/b2c/163538/b6952m0/rialto-gstreamer-163538/scripts/clang-format/process_clang-format_errors.py
2025-08-26 06:41:56,340 - Knowledge - INFO - start ingest for /app/data/b2c/163538/b6952m0/rialto-gstreamer-163538/scripts/valgrind/process_valgrind_results.py
2025-08-26 06:41:56,430 - Knowledge - INFO - Thread kw25 - File TERMS.md - Remaining files in queue: 44
2025-08-26 06:41:56,554 - Knowledge - INFO - Found code_base: <app.utils.kg_build.knowledge.KnowledgeCodeBase object at 0x7f107dc5db50>
2025-08-26 06:41:56,674 - Knowledge - INFO - Found code_base: <app.utils.kg_build.knowledge.KnowledgeCodeBase object at 0x7f107dc5db50>
2025-08-26 06:41:56,784 - Knowledge - INFO - Found code_base: <app.utils.kg_build.knowledge.KnowledgeCodeBase object at 0x7f107dc5db50>
2025-08-26 06:41:56,866 - Knowledge - INFO - Found code_base: <app.utils.kg_build.knowledge.KnowledgeCodeBase object at 0x7f107dc5db50>
2025-08-26 06:41:56,098 - Knowledge - INFO - persist ingested knowledge for /app/data/b2c/163538/b6952m0/rialto-gstreamer-163538/tests/mocks/MediaPipelineMock.h
2025-08-26 06:41:57,089 - Knowledge - INFO - start ingest for /app/data/b2c/163538/b6952m0/rialto-gstreamer-163538/cmake/FindocdmRialto.cmake
2025-08-26 06:41:57,194 - Knowledge - INFO - Found code_base: <app.utils.kg_build.knowledge.KnowledgeCodeBase object at 0x7f107dc5db50>
2025-08-26 06:41:57,289 - Knowledge - INFO - Found code_base: <app.utils.kg_build.knowledge.KnowledgeCodeBase object at 0x7f107dc5db50>
2025-08-26 06:41:57,413 - Knowledge - INFO - Thread kw2 - File CMakeLists.txt - Remaining files in queue: 44
2025-08-26 06:41:57,557 - Knowledge - INFO - worker kw23 pull /app/data/b2c/163538/b6952m0/rialto-gstreamer-163538/cmake/FindRialto.cmake from ingest queue
2025-08-26 06:41:57,557 - Knowledge - INFO - adding /app/data/b2c/163538/b6952m0/rialto-gstreamer-163538/tests/ut/GStreamerUtilsTests.cpp to ingest queue
2025-08-26 06:41:57,771 - Knowledge - INFO - start ingest for /app/data/b2c/163538/b6952m0/rialto-gstreamer-163538/TERMS.md
2025-08-26 06:41:57,887 - Knowledge - INFO - persist ingested knowledge for /app/data/b2c/163538/b6952m0/rialto-gstreamer-163538/tests/mocks/CMakeLists.txt
2025-08-26 06:41:58,012 - Knowledge - INFO - persist ingested knowledge for /app/data/b2c/163538/b6952m0/rialto-gstreamer-163538/tests/mocks/ControlMock.h
2025-08-26 06:41:58,122 - Knowledge - INFO - persist ingested knowledge for /app/data/b2c/163538/b6952m0/rialto-gstreamer-163538/tests/mocks/MediaPipelineClientMock.h
2025-08-26 06:41:58,227 - Knowledge - INFO - persist ingested knowledge for /app/data/b2c/163538/b6952m0/rialto-gstreamer-163538/tests/mocks/WebAudioPlayerMock.h
2025-08-26 06:41:58,604 - Knowledge - INFO - persist ingested knowledge for /app/data/b2c/163538/b6952m0/rialto-gstreamer-163538/CONTRIBUTING.md
2025-08-26 06:41:58,686 - Knowledge - INFO - persist ingested knowledge for /app/data/b2c/163538/b6952m0/rialto-gstreamer-163538/tests/mocks/MediaPipelineCapabilitiesMock.h
2025-08-26 06:41:58,815 - Knowledge - INFO - start ingest for /app/data/b2c/163538/b6952m0/rialto-gstreamer-163538/CMakeLists.txt
2025-08-26 06:41:58,888 - Knowledge - INFO - Thread kw23 - File FindRialto.cmake - Remaining files in queue: 44
2025-08-26 06:41:59,099 - Knowledge - INFO - Fast-track processing for simple file: /app/data/b2c/163538/b6952m0/rialto-gstreamer-163538/TERMS.md
2025-08-26 06:41:59,110 - Knowledge - INFO - adding /app/data/b2c/163538/b6952m0/rialto-gstreamer-163538/tests/ut/GStreamerEmeUtilsTests.cpp to ingest queue
2025-08-26 06:41:59,770 - Knowledge - INFO - Fast-track processing for simple file: /app/data/b2c/163538/b6952m0/rialto-gstreamer-163538/CMakeLists.txt
2025-08-26 06:41:59,893 - Knowledge - INFO - start ingest for /app/data/b2c/163538/b6952m0/rialto-gstreamer-163538/cmake/FindRialto.cmake
2025-08-26 06:42:00,173 - Knowledge - INFO - done fast ingest for /app/data/b2c/163538/b6952m0/rialto-gstreamer-163538/TERMS.md
2025-08-26 06:42:00,297 - Knowledge - INFO - adding /app/data/b2c/163538/b6952m0/rialto-gstreamer-163538/tests/ut/WebAudioClientBackendTests.cpp to ingest queue
2025-08-26 06:42:00,413 - Knowledge - INFO - done fast ingest for /app/data/b2c/163538/b6952m0/rialto-gstreamer-163538/CMakeLists.txt
2025-08-26 06:42:00,610 - Knowledge - INFO - process ingested knowledge for /app/data/b2c/163538/b6952m0/rialto-gstreamer-163538/TERMS.md
2025-08-26 06:42:00,801 - Knowledge - INFO - Found code-base-name: https://github.com/kavia-common/rialto-gstreamer-163538.git:kavia-6.0.0-rc1
2025-08-26 06:42:00,803 - Knowledge - INFO - adding /app/data/b2c/163538/b6952m0/rialto-gstreamer-163538/tests/ut/ControlBackendTests.cpp to ingest queue
2025-08-26 06:42:00,823 - Knowledge - INFO - process ingested knowledge for /app/data/b2c/163538/b6952m0/rialto-gstreamer-163538/CMakeLists.txt
2025-08-26 06:42:01,076 - Knowledge - INFO - Found code_base: <app.utils.kg_build.knowledge.KnowledgeCodeBase object at 0x7f107dc5db50>
2025-08-26 06:42:01,200 - Knowledge - INFO - adding /app/data/b2c/163538/b6952m0/rialto-gstreamer-163538/tests/third-party/source/WebAudioPlayerFactory.cpp to ingest queue
2025-08-26 06:42:01,461 - Knowledge - INFO - persist ingested knowledge for /app/data/b2c/163538/b6952m0/rialto-gstreamer-163538/build_ut.py
2025-08-26 06:42:01,592 - Knowledge - INFO - adding /app/data/b2c/163538/b6952m0/rialto-gstreamer-163538/tests/third-party/source/MediaPipelineFactory.cpp to ingest queue
2025-08-26 06:42:01,864 - Knowledge - INFO - worker kw10 pull /app/data/b2c/163538/b6952m0/rialto-gstreamer-163538/cmake/googletest.cmake from ingest queue
2025-08-26 06:42:01,868 - Knowledge - INFO - Found code-base-name: https://github.com/kavia-common/rialto-gstreamer-163538.git:kavia-6.0.0-rc1
2025-08-26 06:42:01,975 - Knowledge - INFO - Thread kw10 - File googletest.cmake - Remaining files in queue: 49
2025-08-26 06:42:02,055 - Knowledge - INFO - worker kw11 pull /app/data/b2c/163538/b6952m0/rialto-gstreamer-163538/source/RialtoGStreamerMSEBaseSinkCallbacks.h from ingest queue
2025-08-26 06:42:02,117 - Knowledge - INFO - Found code_base: <app.utils.kg_build.knowledge.KnowledgeCodeBase object at 0x7f107dc5db50>
2025-08-26 06:42:02,241 - Knowledge - INFO - start ingest for /app/data/b2c/163538/b6952m0/rialto-gstreamer-163538/cmake/googletest.cmake
2025-08-26 06:42:02,369 - Knowledge - INFO - Thread kw11 - File RialtoGStreamerMSEBaseSinkCallbacks.h - Remaining files in queue: 48
2025-08-26 06:42:02,468 - Knowledge - INFO - persist ingested knowledge for /app/data/b2c/163538/b6952m0/rialto-gstreamer-163538/CHANGELOG.md
2025-08-26 06:42:02,755 - Knowledge - INFO - start ingest for /app/data/b2c/163538/b6952m0/rialto-gstreamer-163538/source/RialtoGStreamerMSEBaseSinkCallbacks.h
2025-08-26 06:42:03,188 - Knowledge - INFO - worker kw9 pull /app/data/b2c/163538/b6952m0/rialto-gstreamer-163538/source/RialtoGStreamerWebAudioSink.h from ingest queue
2025-08-26 06:42:03,190 - Knowledge - INFO - worker kw21 pull /app/data/b2c/163538/b6952m0/rialto-gstreamer-163538/source/MessageQueue.h from ingest queue
2025-08-26 06:42:03,191 - Knowledge - INFO - Found code-base-name: https://github.com/kavia-common/rialto-gstreamer-163538.git:kavia-6.0.0-rc1
2025-08-26 06:42:03,197 - Knowledge - INFO - Found code-base-name: https://github.com/kavia-common/rialto-gstreamer-163538.git:kavia-6.0.0-rc1
2025-08-26 06:42:03,198 - Knowledge - INFO - worker kw15 pull /app/data/b2c/163538/b6952m0/rialto-gstreamer-163538/source/ControlBackendInterface.h from ingest queue
2025-08-26 06:42:03,203 - Knowledge - INFO - worker kw17 pull /app/data/b2c/163538/b6952m0/rialto-gstreamer-163538/source/GStreamerEMEUtils.h from ingest queue
2025-08-26 06:42:03,959 - Knowledge - INFO - Thread kw17 - File GStreamerEMEUtils.h - Remaining files in queue: 44
2025-08-26 06:42:04,078 - Knowledge - INFO - start ingest for /app/data/b2c/163538/b6952m0/rialto-gstreamer-163538/source/GStreamerEMEUtils.h
2025-08-26 06:42:03,463 - Knowledge - INFO - Thread kw21 - File MessageQueue.h - Remaining files in queue: 44
2025-08-26 06:42:03,571 - Knowledge - INFO - Found code_base: <app.utils.kg_build.knowledge.KnowledgeCodeBase object at 0x7f107dc5db50>
2025-08-26 06:42:03,674 - Knowledge - INFO - Found code_base: <app.utils.kg_build.knowledge.KnowledgeCodeBase object at 0x7f107dc5db50>
2025-08-26 06:42:03,813 - Knowledge - INFO - Thread kw15 - File ControlBackendInterface.h - Remaining files in queue: 44
2025-08-26 06:42:04,634 - Knowledge - INFO - start ingest for /app/data/b2c/163538/b6952m0/rialto-gstreamer-163538/source/ControlBackendInterface.h
2025-08-26 06:42:03,311 - Knowledge - INFO - Thread kw9 - File RialtoGStreamerWebAudioSink.h - Remaining files in queue: 44
2025-08-26 06:42:04,263 - Knowledge - INFO - start ingest for /app/data/b2c/163538/b6952m0/rialto-gstreamer-163538/source/MessageQueue.h
2025-08-26 06:42:04,413 - Knowledge - INFO - persist ingested knowledge for /app/data/b2c/163538/b6952m0/rialto-gstreamer-163538/TERMS.md
2025-08-26 06:42:04,523 - Knowledge - INFO - persist ingested knowledge for /app/data/b2c/163538/b6952m0/rialto-gstreamer-163538/CMakeLists.txt
2025-08-26 06:42:03,208 - Knowledge - INFO - adding /app/data/b2c/163538/b6952m0/rialto-gstreamer-163538/tests/ut/CMakeLists.txt to ingest queue
2025-08-26 06:42:04,879 - Knowledge - INFO - start ingest for /app/data/b2c/163538/b6952m0/rialto-gstreamer-163538/source/RialtoGStreamerWebAudioSink.h
2025-08-26 06:42:05,376 - Knowledge - INFO - adding /app/data/b2c/163538/b6952m0/rialto-gstreamer-163538/tests/ut/BufferParserTests.cpp to ingest queue
2025-08-26 06:42:05,612 - Knowledge - INFO - adding /app/data/b2c/163538/b6952m0/rialto-gstreamer-163538/tests/mocks/CMakeLists.txt to ingest queue
2025-08-26 06:42:05,709 - Knowledge - INFO - adding /app/data/b2c/163538/b6952m0/rialto-gstreamer-163538/tests/mocks/ControlMock.h to ingest queue
2025-08-26 06:42:05,868 - Knowledge - INFO - adding /app/data/b2c/163538/b6952m0/rialto-gstreamer-163538/tests/mocks/MediaPipelineClientMock.h to ingest queue
2025-08-26 06:42:05,876 - Knowledge - INFO - done ingest for /app/data/b2c/163538/b6952m0/rialto-gstreamer-163538/scripts/clang-format/process_clang-format_errors.py
2025-08-26 06:42:05,985 - Knowledge - INFO - adding /app/data/b2c/163538/b6952m0/rialto-gstreamer-163538/tests/mocks/WebAudioPlayerMock.h to ingest queue
2025-08-26 06:42:06,156 - Knowledge - INFO - process ingested knowledge for /app/data/b2c/163538/b6952m0/rialto-gstreamer-163538/scripts/clang-format/process_clang-format_errors.py
2025-08-26 06:42:06,389 - Knowledge - INFO - done ingest for /app/data/b2c/163538/b6952m0/rialto-gstreamer-163538/scripts/valgrind/process_valgrind_results.py
2025-08-26 06:42:06,628 - Knowledge - INFO - done ingest for /app/data/b2c/163538/b6952m0/rialto-gstreamer-163538/cmake/FindocdmRialto.cmake
2025-08-26 06:42:06,664 - Knowledge - INFO - adding /app/data/b2c/163538/b6952m0/rialto-gstreamer-163538/CONTRIBUTING.md to ingest queue
2025-08-26 06:42:06,679 - Knowledge - INFO - done ingest for /app/data/b2c/163538/b6952m0/rialto-gstreamer-163538/cmake/googletest.cmake
2025-08-26 06:42:06,979 - Knowledge - INFO - process ingested knowledge for /app/data/b2c/163538/b6952m0/rialto-gstreamer-163538/cmake/googletest.cmake
2025-08-26 06:42:06,727 - Knowledge - INFO - process ingested knowledge for /app/data/b2c/163538/b6952m0/rialto-gstreamer-163538/cmake/FindocdmRialto.cmake
2025-08-26 06:42:06,841 - Knowledge - INFO - adding /app/data/b2c/163538/b6952m0/rialto-gstreamer-163538/tests/mocks/MediaPipelineCapabilitiesMock.h to ingest queue
2025-08-26 06:42:06,690 - Knowledge - INFO - process ingested knowledge for /app/data/b2c/163538/b6952m0/rialto-gstreamer-163538/scripts/valgrind/process_valgrind_results.py
2025-08-26 06:42:07,349 - Knowledge - INFO - adding /app/data/b2c/163538/b6952m0/rialto-gstreamer-163538/tests/mocks/WebAudioPlayerClientMock.h to ingest queue
2025-08-26 06:42:07,595 - Knowledge - INFO - worker kw20 pull /app/data/b2c/163538/b6952m0/rialto-gstreamer-163538/source/BufferParser.cpp from ingest queue
2025-08-26 06:42:07,693 - Knowledge - INFO - Thread kw20 - File BufferParser.cpp - Remaining files in queue: 52
2025-08-26 06:42:07,843 - Knowledge - INFO - start ingest for /app/data/b2c/163538/b6952m0/rialto-gstreamer-163538/source/BufferParser.cpp
2025-08-26 06:42:09,231 - Knowledge - INFO - done ingest for /app/data/b2c/163538/b6952m0/rialto-gstreamer-163538/cmake/FindRialto.cmake
2025-08-26 06:42:09,236 - Knowledge - INFO - worker kw19 pull /app/data/b2c/163538/b6952m0/rialto-gstreamer-163538/source/RialtoGStreamerMSEBaseSink.h from ingest queue
2025-08-26 06:42:09,238 - Knowledge - INFO - worker kw3 pull /app/data/b2c/163538/b6952m0/rialto-gstreamer-163538/source/RialtoGStreamerMSEVideoSink.h from ingest queue
2025-08-26 06:42:09,244 - Knowledge - INFO - worker kw16 pull /app/data/b2c/163538/b6952m0/rialto-gstreamer-163538/source/Timer.cpp from ingest queue
2025-08-26 06:42:09,247 - Knowledge - INFO - Found code-base-name: https://github.com/kavia-common/rialto-gstreamer-163538.git:kavia-6.0.0-rc1
2025-08-26 06:42:09,251 - Knowledge - INFO - adding /app/data/b2c/163538/b6952m0/rialto-gstreamer-163538/CHANGELOG.md to ingest queue
2025-08-26 06:42:09,329 - Knowledge - INFO - process ingested knowledge for /app/data/b2c/163538/b6952m0/rialto-gstreamer-163538/cmake/FindRialto.cmake
2025-08-26 06:42:09,456 - Knowledge - INFO - Thread kw19 - File RialtoGStreamerMSEBaseSink.h - Remaining files in queue: 49
2025-08-26 06:42:09,583 - Knowledge - INFO - Thread kw3 - File RialtoGStreamerMSEVideoSink.h - Remaining files in queue: 49
2025-08-26 06:42:09,693 - Knowledge - INFO - Thread kw16 - File Timer.cpp - Remaining files in queue: 49
2025-08-26 06:42:09,775 - Knowledge - INFO - done ingest for /app/data/b2c/163538/b6952m0/rialto-gstreamer-163538/source/RialtoGStreamerMSEBaseSinkCallbacks.h
2025-08-26 06:42:09,790 - Knowledge - INFO - Found code_base: <app.utils.kg_build.knowledge.KnowledgeCodeBase object at 0x7f107dc5db50>
2025-08-26 06:42:09,925 - Knowledge - INFO - worker kw13 pull /app/data/b2c/163538/b6952m0/rialto-gstreamer-163538/source/GStreamerMSEUtils.h from ingest queue
2025-08-26 06:42:09,925 - Knowledge - INFO - Found code-base-name: https://github.com/kavia-common/rialto-gstreamer-163538.git:kavia-6.0.0-rc1
2025-08-26 06:42:09,927 - Knowledge - INFO - worker kw7 pull /app/data/b2c/163538/b6952m0/rialto-gstreamer-163538/source/GStreamerMSEMediaPlayerClient.cpp from ingest queue
2025-08-26 06:42:09,927 - Knowledge - INFO - adding /app/data/b2c/163538/b6952m0/rialto-gstreamer-163538/tests/mocks/MediaPipelineMock.h to ingest queue
2025-08-26 06:42:10,149 - Knowledge - INFO - start ingest for /app/data/b2c/163538/b6952m0/rialto-gstreamer-163538/source/RialtoGStreamerMSEBaseSink.h
2025-08-26 06:42:10,248 - Knowledge - INFO - start ingest for /app/data/b2c/163538/b6952m0/rialto-gstreamer-163538/source/RialtoGStreamerMSEVideoSink.h
2025-08-26 06:42:10,368 - Knowledge - INFO - start ingest for /app/data/b2c/163538/b6952m0/rialto-gstreamer-163538/source/Timer.cpp
2025-08-26 06:42:10,543 - Knowledge - INFO - process ingested knowledge for /app/data/b2c/163538/b6952m0/rialto-gstreamer-163538/source/RialtoGStreamerMSEBaseSinkCallbacks.h
2025-08-26 06:42:10,609 - Knowledge - INFO - persist ingested knowledge for /app/data/b2c/163538/b6952m0/rialto-gstreamer-163538/scripts/clang-format/process_clang-format_errors.py
2025-08-26 06:42:10,724 - Knowledge - INFO - Thread kw13 - File GStreamerMSEUtils.h - Remaining files in queue: 48
2025-08-26 06:42:10,868 - Knowledge - INFO - Found code_base: <app.utils.kg_build.knowledge.KnowledgeCodeBase object at 0x7f107dc5db50>
2025-08-26 06:42:11,011 - Knowledge - INFO - Thread kw7 - File GStreamerMSEMediaPlayerClient.cpp - Remaining files in queue: 48
2025-08-26 06:42:11,131 - Knowledge - INFO - worker kw6 pull /app/data/b2c/163538/b6952m0/rialto-gstreamer-163538/source/MediaPlayerClientBackend.h from ingest queue
2025-08-26 06:42:11,142 - Knowledge - INFO - adding /app/data/b2c/163538/b6952m0/rialto-gstreamer-163538/build_ut.py to ingest queue
2025-08-26 06:42:11,939 - Knowledge - INFO - start ingest for /app/data/b2c/163538/b6952m0/rialto-gstreamer-163538/source/GStreamerMSEUtils.h
2025-08-26 06:42:12,061 - Knowledge - INFO - persist ingested knowledge for /app/data/b2c/163538/b6952m0/rialto-gstreamer-163538/cmake/FindocdmRialto.cmake
2025-08-26 06:42:12,219 - Knowledge - INFO - start ingest for /app/data/b2c/163538/b6952m0/rialto-gstreamer-163538/source/GStreamerMSEMediaPlayerClient.cpp
2025-08-26 06:42:12,330 - Knowledge - INFO - Thread kw6 - File MediaPlayerClientBackend.h - Remaining files in queue: 48
2025-08-26 06:42:12,469 - Knowledge - INFO - worker kw14 pull /app/data/b2c/163538/b6952m0/rialto-gstreamer-163538/source/GStreamerUtils.cpp from ingest queue
2025-08-26 06:42:12,471 - Knowledge - INFO - worker kw24 pull /app/data/b2c/163538/b6952m0/rialto-gstreamer-163538/source/GStreamerWebAudioPlayerClient.h from ingest queue
2025-08-26 06:42:12,473 - Knowledge - INFO - worker kw2 pull /app/data/b2c/163538/b6952m0/rialto-gstreamer-163538/source/MediaPlayerManager.h from ingest queue
2025-08-26 06:42:12,475 - Knowledge - INFO - worker kw18 pull /app/data/b2c/163538/b6952m0/rialto-gstreamer-163538/source/RialtoGStreamerMSEAudioSink.cpp from ingest queue
2025-08-26 06:42:13,378 - Knowledge - INFO - Thread kw18 - File RialtoGStreamerMSEAudioSink.cpp - Remaining files in queue: 44
2025-08-26 06:42:12,479 - Knowledge - INFO - worker kw25 pull /app/data/b2c/163538/b6952m0/rialto-gstreamer-163538/source/CMakeLists.txt from ingest queue
2025-08-26 06:42:13,579 - Knowledge - INFO - Thread kw25 - File CMakeLists.txt - Remaining files in queue: 44
2025-08-26 06:42:13,046 - Knowledge - INFO - Thread kw14 - File GStreamerUtils.cpp - Remaining files in queue: 44
2025-08-26 06:42:13,184 - Knowledge - INFO - Thread kw24 - File GStreamerWebAudioPlayerClient.h - Remaining files in queue: 44
2025-08-26 06:42:13,273 - Knowledge - INFO - Thread kw2 - File MediaPlayerManager.h - Remaining files in queue: 44
2025-08-26 06:42:12,478 - Knowledge - INFO - Found code-base-name: https://github.com/kavia-common/rialto-gstreamer-163538.git:kavia-6.0.0-rc1
2025-08-26 06:42:13,410 - Knowledge - INFO - persist search terms embedding for scripts/clang-format/process_clang-format_errors.py
2025-08-26 06:42:13,482 - Knowledge - INFO - start ingest for /app/data/b2c/163538/b6952m0/rialto-gstreamer-163538/source/RialtoGStreamerMSEAudioSink.cpp
2025-08-26 06:42:12,912 - Knowledge - INFO - start ingest for /app/data/b2c/163538/b6952m0/rialto-gstreamer-163538/source/MediaPlayerClientBackend.h
2025-08-26 06:42:13,713 - Knowledge - INFO - start ingest for /app/data/b2c/163538/b6952m0/rialto-gstreamer-163538/source/CMakeLists.txt
2025-08-26 06:42:13,808 - Knowledge - INFO - start ingest for /app/data/b2c/163538/b6952m0/rialto-gstreamer-163538/source/GStreamerUtils.cpp
2025-08-26 06:42:13,943 - Knowledge - INFO - start ingest for /app/data/b2c/163538/b6952m0/rialto-gstreamer-163538/source/GStreamerWebAudioPlayerClient.h
2025-08-26 06:42:14,069 - Knowledge - INFO - start ingest for /app/data/b2c/163538/b6952m0/rialto-gstreamer-163538/source/MediaPlayerManager.h
2025-08-26 06:42:14,186 - Knowledge - INFO - Found code_base: <app.utils.kg_build.knowledge.KnowledgeCodeBase object at 0x7f107dc5db50>
2025-08-26 06:42:14,291 - Knowledge - INFO - worker kw1 pull /app/data/b2c/163538/b6952m0/rialto-gstreamer-163538/source/GStreamerUtils.h from ingest queue
2025-08-26 06:42:15,320 - Knowledge - INFO - Thread kw1 - File GStreamerUtils.h - Remaining files in queue: 41
2025-08-26 06:42:14,295 - Knowledge - INFO - worker kw4 pull /app/data/b2c/163538/b6952m0/rialto-gstreamer-163538/source/GStreamerMSEUtils.cpp from ingest queue
2025-08-26 06:42:14,694 - Knowledge - INFO - Fast-track processing for simple file: /app/data/b2c/163538/b6952m0/rialto-gstreamer-163538/source/CMakeLists.txt
2025-08-26 06:42:15,055 - Knowledge - INFO - persist search terms embedding for cmake/FindocdmRialto.cmake
2025-08-26 06:42:15,188 - Knowledge - INFO - persist ingested knowledge for /app/data/b2c/163538/b6952m0/rialto-gstreamer-163538/cmake/FindRialto.cmake
2025-08-26 06:42:15,315 - Knowledge - INFO - done ingest for /app/data/b2c/163538/b6952m0/rialto-gstreamer-163538/source/ControlBackendInterface.h
2025-08-26 06:42:14,291 - Knowledge - INFO - worker kw12 pull /app/data/b2c/163538/b6952m0/rialto-gstreamer-163538/source/GStreamerMSEMediaPlayerClient.h from ingest queue
2025-08-26 06:42:15,454 - Knowledge - INFO - start ingest for /app/data/b2c/163538/b6952m0/rialto-gstreamer-163538/source/GStreamerUtils.h
2025-08-26 06:42:15,572 - Knowledge - INFO - Thread kw4 - File GStreamerMSEUtils.cpp - Remaining files in queue: 41
2025-08-26 06:42:15,647 - Knowledge - INFO - done ingest for /app/data/b2c/163538/b6952m0/rialto-gstreamer-163538/source/GStreamerEMEUtils.h
2025-08-26 06:42:15,674 - Knowledge - INFO - done fast ingest for /app/data/b2c/163538/b6952m0/rialto-gstreamer-163538/source/CMakeLists.txt
2025-08-26 06:42:15,771 - Knowledge - INFO - worker kw8 pull /app/data/b2c/163538/b6952m0/rialto-gstreamer-163538/source/MediaPlayerManager.cpp from ingest queue
2025-08-26 06:42:15,771 - Knowledge - INFO - Found code-base-name: https://github.com/kavia-common/rialto-gstreamer-163538.git:kavia-6.0.0-rc1
2025-08-26 06:42:15,792 - Knowledge - INFO - Found code-base-name: https://github.com/kavia-common/rialto-gstreamer-163538.git:kavia-6.0.0-rc1
2025-08-26 06:42:15,792 - Knowledge - INFO - Found code-base-name: https://github.com/kavia-common/rialto-gstreamer-163538.git:kavia-6.0.0-rc1
2025-08-26 06:42:15,849 - Knowledge - INFO - worker kw5 pull /app/data/b2c/163538/b6952m0/rialto-gstreamer-163538/source/WebAudioClientBackend.h from ingest queue
2025-08-26 06:42:16,150 - Knowledge - INFO - process ingested knowledge for /app/data/b2c/163538/b6952m0/rialto-gstreamer-163538/source/ControlBackendInterface.h
2025-08-26 06:42:16,164 - Knowledge - INFO - Thread kw12 - File GStreamerMSEMediaPlayerClient.h - Remaining files in queue: 39
2025-08-26 06:42:16,418 - Knowledge - INFO - start ingest for /app/data/b2c/163538/b6952m0/rialto-gstreamer-163538/source/GStreamerMSEUtils.cpp
2025-08-26 06:42:16,616 - Knowledge - INFO - process ingested knowledge for /app/data/b2c/163538/b6952m0/rialto-gstreamer-163538/source/GStreamerEMEUtils.h
2025-08-26 06:42:16,655 - Knowledge - INFO - process ingested knowledge for /app/data/b2c/163538/b6952m0/rialto-gstreamer-163538/source/CMakeLists.txt
2025-08-26 06:42:16,713 - Knowledge - INFO - persist search terms embedding for cmake/FindRialto.cmake
2025-08-26 06:42:16,796 - Knowledge - INFO - Thread kw8 - File MediaPlayerManager.cpp - Remaining files in queue: 39
2025-08-26 06:42:16,925 - Knowledge - INFO - Found code_base: <app.utils.kg_build.knowledge.KnowledgeCodeBase object at 0x7f107dc5db50>
2025-08-26 06:42:17,035 - Knowledge - INFO - Found code_base: <app.utils.kg_build.knowledge.KnowledgeCodeBase object at 0x7f107dc5db50>
2025-08-26 06:42:17,143 - Knowledge - INFO - Found code_base: <app.utils.kg_build.knowledge.KnowledgeCodeBase object at 0x7f107dc5db50>
2025-08-26 06:42:18,468 - Knowledge - INFO - persist ingested knowledge for /app/data/b2c/163538/b6952m0/rialto-gstreamer-163538/source/RialtoGStreamerMSEBaseSinkCallbacks.h
2025-08-26 06:42:17,515 - Knowledge - INFO - start ingest for /app/data/b2c/163538/b6952m0/rialto-gstreamer-163538/source/GStreamerMSEMediaPlayerClient.h
2025-08-26 06:42:18,010 - Knowledge - INFO - Found code-base-name: https://github.com/kavia-common/rialto-gstreamer-163538.git:kavia-6.0.0-rc1
2025-08-26 06:42:18,014 - Knowledge - INFO - Found code-base-name: https://github.com/kavia-common/rialto-gstreamer-163538.git:kavia-6.0.0-rc1
2025-08-26 06:42:18,015 - Knowledge - INFO - Found code-base-name: https://github.com/kavia-common/rialto-gstreamer-163538.git:kavia-6.0.0-rc1
2025-08-26 06:42:18,025 - Knowledge - INFO - worker kw23 pull /app/data/b2c/163538/b6952m0/rialto-gstreamer-163538/source/RialtoGStreamerMSEBaseSinkPrivate.h from ingest queue
2025-08-26 06:42:18,114 - Knowledge - INFO - start ingest for /app/data/b2c/163538/b6952m0/rialto-gstreamer-163538/source/MediaPlayerManager.cpp
2025-08-26 06:42:18,230 - Knowledge - INFO - persist ingested knowledge for /app/data/b2c/163538/b6952m0/rialto-gstreamer-163538/cmake/googletest.cmake
2025-08-26 06:42:18,332 - Knowledge - INFO - persist ingested knowledge for /app/data/b2c/163538/b6952m0/rialto-gstreamer-163538/scripts/valgrind/process_valgrind_results.py
2025-08-26 06:42:17,271 - Knowledge - INFO - Thread kw5 - File WebAudioClientBackend.h - Remaining files in queue: 39
2025-08-26 06:42:19,565 - Knowledge - INFO - start ingest for /app/data/b2c/163538/b6952m0/rialto-gstreamer-163538/source/WebAudioClientBackend.h
2025-08-26 06:42:18,867 - Knowledge - INFO - Found code_base: <app.utils.kg_build.knowledge.KnowledgeCodeBase object at 0x7f107dc5db50>
2025-08-26 06:42:19,005 - Knowledge - INFO - Found code_base: <app.utils.kg_build.knowledge.KnowledgeCodeBase object at 0x7f107dc5db50>
2025-08-26 06:42:19,125 - Knowledge - INFO - Thread kw23 - File RialtoGStreamerMSEBaseSinkPrivate.h - Remaining files in queue: 38
2025-08-26 06:42:19,507 - Knowledge - INFO - persist search terms embedding for source/RialtoGStreamerMSEBaseSinkCallbacks.h
2025-08-26 06:42:18,764 - Knowledge - INFO - Found code_base: <app.utils.kg_build.knowledge.KnowledgeCodeBase object at 0x7f107dc5db50>
2025-08-26 06:42:20,285 - Knowledge - INFO - persist ingested knowledge for /app/data/b2c/163538/b6952m0/rialto-gstreamer-163538/source/ControlBackendInterface.h
2025-08-26 06:42:19,920 - Knowledge - INFO - persist ingested knowledge for /app/data/b2c/163538/b6952m0/rialto-gstreamer-163538/source/CMakeLists.txt
2025-08-26 06:42:20,042 - Knowledge - INFO - start ingest for /app/data/b2c/163538/b6952m0/rialto-gstreamer-163538/source/RialtoGStreamerMSEBaseSinkPrivate.h
2025-08-26 06:42:19,823 - Knowledge - INFO - persist ingested knowledge for /app/data/b2c/163538/b6952m0/rialto-gstreamer-163538/source/GStreamerEMEUtils.h
2025-08-26 06:42:20,951 - Knowledge - INFO - persist search terms embedding for scripts/valgrind/process_valgrind_results.py
2025-08-26 06:42:21,073 - Knowledge - INFO - worker kw11 pull /app/data/b2c/163538/b6952m0/rialto-gstreamer-163538/source/GStreamerEMEUtils.cpp from ingest queue
2025-08-26 06:42:21,074 - Knowledge - INFO - worker kw10 pull /app/data/b2c/163538/b6952m0/rialto-gstreamer-163538/source/RialtoGStreamerMSEBaseSink.cpp from ingest queue
2025-08-26 06:42:21,188 - Knowledge - INFO - Thread kw11 - File GStreamerEMEUtils.cpp - Remaining files in queue: 36
2025-08-26 06:42:21,316 - Knowledge - INFO - Thread kw10 - File RialtoGStreamerMSEBaseSink.cpp - Remaining files in queue: 36
2025-08-26 06:42:21,454 - Knowledge - INFO - start ingest for /app/data/b2c/163538/b6952m0/rialto-gstreamer-163538/source/GStreamerEMEUtils.cpp
2025-08-26 06:42:21,555 - Knowledge - INFO - start ingest for /app/data/b2c/163538/b6952m0/rialto-gstreamer-163538/source/RialtoGStreamerMSEBaseSink.cpp
2025-08-26 06:42:21,787 - Knowledge - INFO - persist search terms embedding for source/GStreamerEMEUtils.h
2025-08-26 06:42:22,538 - Knowledge - INFO - persist search terms embedding for source/ControlBackendInterface.h
2025-08-26 06:42:22,664 - Knowledge - INFO - worker kw22 pull /app/data/b2c/163538/b6952m0/rialto-gstreamer-163538/source/BufferParser.h from ingest queue
2025-08-26 06:42:22,756 - Knowledge - INFO - Thread kw22 - File BufferParser.h - Remaining files in queue: 35
2025-08-26 06:42:22,867 - Knowledge - INFO - start ingest for /app/data/b2c/163538/b6952m0/rialto-gstreamer-163538/source/BufferParser.h
2025-08-26 06:42:22,923 - Knowledge - INFO - worker kw15 pull /app/data/b2c/163538/b6952m0/rialto-gstreamer-163538/source/MediaPlayerClientBackendInterface.h from ingest queue
2025-08-26 06:42:22,927 - Knowledge - INFO - worker kw17 pull /app/data/b2c/163538/b6952m0/rialto-gstreamer-163538/README.md from ingest queue
2025-08-26 06:42:23,233 - Knowledge - INFO - Thread kw17 - File README.md - Remaining files in queue: 32
2025-08-26 06:42:23,134 - Knowledge - INFO - Thread kw15 - File MediaPlayerClientBackendInterface.h - Remaining files in queue: 32
2025-08-26 06:42:23,508 - Knowledge - INFO - start ingest for /app/data/b2c/163538/b6952m0/rialto-gstreamer-163538/source/MediaPlayerClientBackendInterface.h
2025-08-26 06:42:23,352 - Knowledge - INFO - start ingest for /app/data/b2c/163538/b6952m0/rialto-gstreamer-163538/README.md
2025-08-26 06:42:22,930 - Knowledge - INFO - worker kw25 pull /app/data/b2c/163538/b6952m0/rialto-gstreamer-163538/source/RialtoGStreamerMSEVideoSink.cpp from ingest queue
2025-08-26 06:42:23,813 - Knowledge - INFO - Fast-track processing for simple file: /app/data/b2c/163538/b6952m0/rialto-gstreamer-163538/README.md
2025-08-26 06:42:23,995 - Knowledge - INFO - done fast ingest for /app/data/b2c/163538/b6952m0/rialto-gstreamer-163538/README.md
2025-08-26 06:42:23,865 - Knowledge - INFO - Thread kw25 - File RialtoGStreamerMSEVideoSink.cpp - Remaining files in queue: 32
2025-08-26 06:42:24,101 - Knowledge - INFO - process ingested knowledge for /app/data/b2c/163538/b6952m0/rialto-gstreamer-163538/README.md
2025-08-26 06:42:24,236 - Knowledge - INFO - start ingest for /app/data/b2c/163538/b6952m0/rialto-gstreamer-163538/source/RialtoGStreamerMSEVideoSink.cpp
2025-08-26 06:42:24,346 - Knowledge - INFO - Found code-base-name: https://github.com/kavia-common/rialto-gstreamer-163538.git:kavia-6.0.0-rc1
2025-08-26 06:42:24,430 - Knowledge - INFO - done ingest for /app/data/b2c/163538/b6952m0/rialto-gstreamer-163538/source/MessageQueue.h
2025-08-26 06:42:24,607 - Knowledge - INFO - Found code_base: <app.utils.kg_build.knowledge.KnowledgeCodeBase object at 0x7f107dc5db50>
2025-08-26 06:42:24,860 - Knowledge - INFO - persist ingested knowledge for /app/data/b2c/163538/b6952m0/rialto-gstreamer-163538/README.md
2025-08-26 06:42:24,772 - Knowledge - INFO - process ingested knowledge for /app/data/b2c/163538/b6952m0/rialto-gstreamer-163538/source/MessageQueue.h
2025-08-26 06:42:25,041 - Knowledge - INFO - done ingest for /app/data/b2c/163538/b6952m0/rialto-gstreamer-163538/source/RialtoGStreamerWebAudioSink.h
2025-08-26 06:42:25,262 - Knowledge - INFO - process ingested knowledge for /app/data/b2c/163538/b6952m0/rialto-gstreamer-163538/source/RialtoGStreamerWebAudioSink.h
2025-08-26 06:42:25,264 - Knowledge - INFO - worker kw17 pull /app/data/b2c/163538/b6952m0/rialto-gstreamer-163538/docs/index.html from ingest queue
2025-08-26 06:42:25,270 - Knowledge - INFO - Found code-base-name: https://github.com/kavia-common/rialto-gstreamer-163538.git:kavia-6.0.0-rc1
2025-08-26 06:42:25,368 - Knowledge - INFO - Found code-base-name: https://github.com/kavia-common/rialto-gstreamer-163538.git:kavia-6.0.0-rc1
2025-08-26 06:42:25,512 - Knowledge - INFO - Thread kw17 - File index.html - Remaining files in queue: 31
2025-08-26 06:42:25,612 - Knowledge - INFO - Found code_base: <app.utils.kg_build.knowledge.KnowledgeCodeBase object at 0x7f107dc5db50>
2025-08-26 06:42:25,723 - Knowledge - INFO - Found code_base: <app.utils.kg_build.knowledge.KnowledgeCodeBase object at 0x7f107dc5db50>
2025-08-26 06:42:25,849 - Knowledge - INFO - start ingest for /app/data/b2c/163538/b6952m0/rialto-gstreamer-163538/docs/index.html
2025-08-26 06:42:25,954 - Knowledge - INFO - persist ingested knowledge for /app/data/b2c/163538/b6952m0/rialto-gstreamer-163538/source/MessageQueue.h
2025-08-26 06:42:26,048 - Knowledge - INFO - persist ingested knowledge for /app/data/b2c/163538/b6952m0/rialto-gstreamer-163538/source/RialtoGStreamerWebAudioSink.h
2025-08-26 06:42:26,897 - Knowledge - INFO - persist search terms embedding for source/MessageQueue.h
2025-08-26 06:42:27,527 - Knowledge - INFO - done ingest for /app/data/b2c/163538/b6952m0/rialto-gstreamer-163538/source/BufferParser.cpp
2025-08-26 06:42:27,699 - Knowledge - INFO - persist search terms embedding for source/RialtoGStreamerWebAudioSink.h
2025-08-26 06:42:27,716 - Knowledge - INFO - process ingested knowledge for /app/data/b2c/163538/b6952m0/rialto-gstreamer-163538/source/BufferParser.cpp
2025-08-26 06:42:27,918 - Knowledge - INFO - Found code-base-name: https://github.com/kavia-common/rialto-gstreamer-163538.git:kavia-6.0.0-rc1
2025-08-26 06:42:27,824 - Knowledge - INFO - worker kw21 pull /app/data/b2c/163538/b6952m0/rialto-gstreamer-163538/source/RialtoGStreamerMSEAudioSink.h from ingest queue
2025-08-26 06:42:27,812 - Knowledge - INFO - worker kw9 pull /app/data/b2c/163538/b6952m0/rialto-gstreamer-163538/source/WebAudioClientBackendInterface.h from ingest queue
2025-08-26 06:42:28,016 - Knowledge - INFO - Found code_base: <app.utils.kg_build.knowledge.KnowledgeCodeBase object at 0x7f107dc5db50>
2025-08-26 06:42:28,086 - Knowledge - INFO - done ingest for /app/data/b2c/163538/b6952m0/rialto-gstreamer-163538/source/GStreamerMSEUtils.h
2025-08-26 06:42:28,114 - Knowledge - INFO - Thread kw21 - File RialtoGStreamerMSEAudioSink.h - Remaining files in queue: 29
2025-08-26 06:42:28,201 - Knowledge - INFO - Thread kw9 - File WebAudioClientBackendInterface.h - Remaining files in queue: 29
2025-08-26 06:42:28,289 - Knowledge - INFO - persist ingested knowledge for /app/data/b2c/163538/b6952m0/rialto-gstreamer-163538/source/BufferParser.cpp
2025-08-26 06:42:28,433 - Knowledge - INFO - process ingested knowledge for /app/data/b2c/163538/b6952m0/rialto-gstreamer-163538/source/GStreamerMSEUtils.h
2025-08-26 06:42:28,472 - Knowledge - INFO - start ingest for /app/data/b2c/163538/b6952m0/rialto-gstreamer-163538/source/RialtoGStreamerMSEAudioSink.h
2025-08-26 06:42:28,604 - Knowledge - INFO - start ingest for /app/data/b2c/163538/b6952m0/rialto-gstreamer-163538/source/WebAudioClientBackendInterface.h
2025-08-26 06:42:29,298 - Knowledge - INFO - persist search terms embedding for source/BufferParser.cpp
2025-08-26 06:42:29,384 - Knowledge - INFO - Found code-base-name: https://github.com/kavia-common/rialto-gstreamer-163538.git:kavia-6.0.0-rc1
2025-08-26 06:42:29,391 - Knowledge - INFO - worker kw20 pull /app/data/b2c/163538/b6952m0/rialto-gstreamer-163538/source/RialtoGStreamerWebAudioSink.cpp from ingest queue
2025-08-26 06:42:29,481 - Knowledge - INFO - Found code_base: <app.utils.kg_build.knowledge.KnowledgeCodeBase object at 0x7f107dc5db50>
2025-08-26 06:42:29,580 - Knowledge - INFO - Thread kw20 - File RialtoGStreamerWebAudioSink.cpp - Remaining files in queue: 28
2025-08-26 06:42:29,702 - Knowledge - INFO - persist ingested knowledge for /app/data/b2c/163538/b6952m0/rialto-gstreamer-163538/source/GStreamerMSEUtils.h
2025-08-26 06:42:29,876 - Knowledge - INFO - start ingest for /app/data/b2c/163538/b6952m0/rialto-gstreamer-163538/source/RialtoGStreamerWebAudioSink.cpp
2025-08-26 06:42:30,682 - Knowledge - INFO - persist search terms embedding for source/GStreamerMSEUtils.h
2025-08-26 06:42:30,811 - Knowledge - INFO - worker kw13 pull /app/data/b2c/163538/b6952m0/rialto-gstreamer-163538/source/GStreamerWebAudioPlayerClient.cpp from ingest queue
2025-08-26 06:42:30,938 - Knowledge - INFO - Thread kw13 - File GStreamerWebAudioPlayerClient.cpp - Remaining files in queue: 27
2025-08-26 06:42:31,051 - Knowledge - INFO - start ingest for /app/data/b2c/163538/b6952m0/rialto-gstreamer-163538/source/GStreamerWebAudioPlayerClient.cpp
2025-08-26 06:42:36,271 - Knowledge - INFO - done ingest for /app/data/b2c/163538/b6952m0/rialto-gstreamer-163538/source/RialtoGStreamerMSEVideoSink.h
2025-08-26 06:42:36,456 - Knowledge - INFO - process ingested knowledge for /app/data/b2c/163538/b6952m0/rialto-gstreamer-163538/source/RialtoGStreamerMSEVideoSink.h
2025-08-26 06:42:36,537 - Knowledge - INFO - Found code-base-name: https://github.com/kavia-common/rialto-gstreamer-163538.git:kavia-6.0.0-rc1
2025-08-26 06:42:36,625 - Knowledge - INFO - Found code_base: <app.utils.kg_build.knowledge.KnowledgeCodeBase object at 0x7f107dc5db50>
2025-08-26 06:42:36,747 - Knowledge - INFO - persist ingested knowledge for /app/data/b2c/163538/b6952m0/rialto-gstreamer-163538/source/RialtoGStreamerMSEVideoSink.h
2025-08-26 06:42:37,436 - Knowledge - INFO - persist search terms embedding for source/RialtoGStreamerMSEVideoSink.h
2025-08-26 06:42:37,542 - Knowledge - INFO - worker kw3 pull /app/data/b2c/163538/b6952m0/rialto-gstreamer-163538/cppcheck_suppressions.xml from ingest queue
2025-08-26 06:42:37,636 - Knowledge - INFO - Thread kw3 - File cppcheck_suppressions.xml - Remaining files in queue: 26
2025-08-26 06:42:37,740 - Knowledge - INFO - start ingest for /app/data/b2c/163538/b6952m0/rialto-gstreamer-163538/cppcheck_suppressions.xml
2025-08-26 06:42:37,906 - Knowledge - INFO - Fast-track processing for simple file: /app/data/b2c/163538/b6952m0/rialto-gstreamer-163538/cppcheck_suppressions.xml
2025-08-26 06:42:37,991 - Knowledge - INFO - done fast ingest for /app/data/b2c/163538/b6952m0/rialto-gstreamer-163538/cppcheck_suppressions.xml
2025-08-26 06:42:38,092 - Knowledge - INFO - process ingested knowledge for /app/data/b2c/163538/b6952m0/rialto-gstreamer-163538/cppcheck_suppressions.xml
2025-08-26 06:42:38,205 - Knowledge - INFO - Found code-base-name: https://github.com/kavia-common/rialto-gstreamer-163538.git:kavia-6.0.0-rc1
2025-08-26 06:42:38,325 - Knowledge - INFO - Found code_base: <app.utils.kg_build.knowledge.KnowledgeCodeBase object at 0x7f107dc5db50>
2025-08-26 06:42:38,443 - Knowledge - INFO - persist ingested knowledge for /app/data/b2c/163538/b6952m0/rialto-gstreamer-163538/cppcheck_suppressions.xml
2025-08-26 06:42:38,742 - Knowledge - INFO - worker kw3 pull /app/data/b2c/163538/b6952m0/rialto-gstreamer-163538/tests/third-party/CMakeLists.txt from ingest queue
2025-08-26 06:42:38,868 - Knowledge - INFO - Thread kw3 - File CMakeLists.txt - Remaining files in queue: 25
2025-08-26 06:42:38,985 - Knowledge - INFO - start ingest for /app/data/b2c/163538/b6952m0/rialto-gstreamer-163538/tests/third-party/CMakeLists.txt
2025-08-26 06:42:39,124 - Knowledge - INFO - Fast-track processing for simple file: /app/data/b2c/163538/b6952m0/rialto-gstreamer-163538/tests/third-party/CMakeLists.txt
2025-08-26 06:42:39,258 - Knowledge - INFO - done fast ingest for /app/data/b2c/163538/b6952m0/rialto-gstreamer-163538/tests/third-party/CMakeLists.txt
2025-08-26 06:42:39,382 - Knowledge - INFO - process ingested knowledge for /app/data/b2c/163538/b6952m0/rialto-gstreamer-163538/tests/third-party/CMakeLists.txt
2025-08-26 06:42:39,474 - Knowledge - INFO - Found code-base-name: https://github.com/kavia-common/rialto-gstreamer-163538.git:kavia-6.0.0-rc1
2025-08-26 06:42:39,567 - Knowledge - INFO - Found code_base: <app.utils.kg_build.knowledge.KnowledgeCodeBase object at 0x7f107dc5db50>
2025-08-26 06:42:39,685 - Knowledge - INFO - persist ingested knowledge for /app/data/b2c/163538/b6952m0/rialto-gstreamer-163538/tests/third-party/CMakeLists.txt
2025-08-26 06:42:40,085 - Knowledge - INFO - worker kw3 pull /app/data/b2c/163538/b6952m0/rialto-gstreamer-163538/tests/third-party/source/ControlFactory.cpp from ingest queue
2025-08-26 06:42:40,190 - Knowledge - INFO - Thread kw3 - File ControlFactory.cpp - Remaining files in queue: 24
2025-08-26 06:42:40,336 - Knowledge - INFO - start ingest for /app/data/b2c/163538/b6952m0/rialto-gstreamer-163538/tests/third-party/source/ControlFactory.cpp
2025-08-26 06:42:47,449 - Knowledge - INFO - done ingest for /app/data/b2c/163538/b6952m0/rialto-gstreamer-163538/docs/index.html
2025-08-26 06:42:47,525 - Knowledge - INFO - process ingested knowledge for /app/data/b2c/163538/b6952m0/rialto-gstreamer-163538/docs/index.html
2025-08-26 06:42:47,637 - Knowledge - INFO - Found code-base-name: https://github.com/kavia-common/rialto-gstreamer-163538.git:kavia-6.0.0-rc1
2025-08-26 06:42:47,735 - Knowledge - INFO - Found code_base: <app.utils.kg_build.knowledge.KnowledgeCodeBase object at 0x7f107dc5db50>
2025-08-26 06:42:47,815 - Knowledge - INFO - persist ingested knowledge for /app/data/b2c/163538/b6952m0/rialto-gstreamer-163538/docs/index.html
2025-08-26 06:42:48,186 - Knowledge - INFO - worker kw17 pull /app/data/b2c/163538/b6952m0/rialto-gstreamer-163538/tests/third-party/source/MediaPipelineCapabilitiesFactory.cpp from ingest queue
2025-08-26 06:42:48,304 - Knowledge - INFO - Thread kw17 - File MediaPipelineCapabilitiesFactory.cpp - Remaining files in queue: 23
2025-08-26 06:42:48,399 - Knowledge - INFO - start ingest for /app/data/b2c/163538/b6952m0/rialto-gstreamer-163538/tests/third-party/source/MediaPipelineCapabilitiesFactory.cpp
2025-08-26 06:42:57,003 - Knowledge - INFO - done ingest for /app/data/b2c/163538/b6952m0/rialto-gstreamer-163538/source/Timer.cpp
2025-08-26 06:42:57,190 - Knowledge - INFO - process ingested knowledge for /app/data/b2c/163538/b6952m0/rialto-gstreamer-163538/source/Timer.cpp
2025-08-26 06:42:57,293 - Knowledge - INFO - Found code-base-name: https://github.com/kavia-common/rialto-gstreamer-163538.git:kavia-6.0.0-rc1
2025-08-26 06:42:57,403 - Knowledge - INFO - Found code_base: <app.utils.kg_build.knowledge.KnowledgeCodeBase object at 0x7f107dc5db50>
2025-08-26 06:42:57,489 - Knowledge - INFO - persist ingested knowledge for /app/data/b2c/163538/b6952m0/rialto-gstreamer-163538/source/Timer.cpp
2025-08-26 06:42:58,389 - Knowledge - INFO - persist search terms embedding for source/Timer.cpp
2025-08-26 06:42:58,508 - Knowledge - INFO - worker kw16 pull /app/data/b2c/163538/b6952m0/rialto-gstreamer-163538/source/Timer.h from ingest queue
2025-08-26 06:42:58,615 - Knowledge - INFO - Thread kw16 - File Timer.h - Remaining files in queue: 22
2025-08-26 06:42:58,723 - Knowledge - INFO - start ingest for /app/data/b2c/163538/b6952m0/rialto-gstreamer-163538/source/Timer.h
2025-08-26 06:43:00,416 - Knowledge - INFO - done ingest for /app/data/b2c/163538/b6952m0/rialto-gstreamer-163538/source/GStreamerUtils.h
2025-08-26 06:43:00,590 - Knowledge - INFO - process ingested knowledge for /app/data/b2c/163538/b6952m0/rialto-gstreamer-163538/source/GStreamerUtils.h
2025-08-26 06:43:00,687 - Knowledge - INFO - Found code-base-name: https://github.com/kavia-common/rialto-gstreamer-163538.git:kavia-6.0.0-rc1
2025-08-26 06:43:00,823 - Knowledge - INFO - Found code_base: <app.utils.kg_build.knowledge.KnowledgeCodeBase object at 0x7f107dc5db50>
2025-08-26 06:43:00,942 - Knowledge - INFO - persist ingested knowledge for /app/data/b2c/163538/b6952m0/rialto-gstreamer-163538/source/GStreamerUtils.h
2025-08-26 06:43:01,727 - Knowledge - INFO - persist search terms embedding for source/GStreamerUtils.h
2025-08-26 06:43:01,827 - Knowledge - INFO - worker kw1 pull /app/data/b2c/163538/b6952m0/rialto-gstreamer-163538/source/ControlBackend.h from ingest queue
2025-08-26 06:43:01,924 - Knowledge - INFO - Thread kw1 - File ControlBackend.h - Remaining files in queue: 21
2025-08-26 06:43:02,019 - Knowledge - INFO - start ingest for /app/data/b2c/163538/b6952m0/rialto-gstreamer-163538/source/ControlBackend.h
2025-08-26 06:43:03,944 - Knowledge - INFO - done ingest for /app/data/b2c/163538/b6952m0/rialto-gstreamer-163538/source/GStreamerUtils.cpp
2025-08-26 06:43:04,164 - Knowledge - INFO - process ingested knowledge for /app/data/b2c/163538/b6952m0/rialto-gstreamer-163538/source/GStreamerUtils.cpp
2025-08-26 06:43:04,271 - Knowledge - INFO - Found code-base-name: https://github.com/kavia-common/rialto-gstreamer-163538.git:kavia-6.0.0-rc1
2025-08-26 06:43:04,372 - Knowledge - INFO - Found code_base: <app.utils.kg_build.knowledge.KnowledgeCodeBase object at 0x7f107dc5db50>
2025-08-26 06:43:04,497 - Knowledge - INFO - persist ingested knowledge for /app/data/b2c/163538/b6952m0/rialto-gstreamer-163538/source/GStreamerUtils.cpp
2025-08-26 06:43:05,363 - Knowledge - INFO - persist search terms embedding for source/GStreamerUtils.cpp
2025-08-26 06:43:05,454 - Knowledge - INFO - worker kw14 pull /app/data/b2c/163538/b6952m0/rialto-gstreamer-163538/tests/ut/MediaPlayerClientBackendTests.cpp from ingest queue
2025-08-26 06:43:05,546 - Knowledge - INFO - Thread kw14 - File MediaPlayerClientBackendTests.cpp - Remaining files in queue: 20
2025-08-26 06:43:05,625 - Knowledge - INFO - start ingest for /app/data/b2c/163538/b6952m0/rialto-gstreamer-163538/tests/ut/MediaPlayerClientBackendTests.cpp
2025-08-26 06:43:11,884 - Knowledge - INFO - done ingest for /app/data/b2c/163538/b6952m0/rialto-gstreamer-163538/tests/third-party/source/ControlFactory.cpp
2025-08-26 06:43:12,103 - Knowledge - INFO - process ingested knowledge for /app/data/b2c/163538/b6952m0/rialto-gstreamer-163538/tests/third-party/source/ControlFactory.cpp
2025-08-26 06:43:12,186 - Knowledge - INFO - Found code-base-name: https://github.com/kavia-common/rialto-gstreamer-163538.git:kavia-6.0.0-rc1
2025-08-26 06:43:12,286 - Knowledge - INFO - Found code_base: <app.utils.kg_build.knowledge.KnowledgeCodeBase object at 0x7f107dc5db50>
2025-08-26 06:43:12,386 - Knowledge - INFO - persist ingested knowledge for /app/data/b2c/163538/b6952m0/rialto-gstreamer-163538/tests/third-party/source/ControlFactory.cpp
2025-08-26 06:43:13,310 - Knowledge - INFO - persist search terms embedding for tests/third-party/source/ControlFactory.cpp
2025-08-26 06:43:13,421 - Knowledge - INFO - worker kw3 pull /app/data/b2c/163538/b6952m0/rialto-gstreamer-163538/source/RialtoGStreamerMSEVideoSinkPrivate.h from ingest queue
2025-08-26 06:43:13,501 - Knowledge - INFO - Thread kw3 - File RialtoGStreamerMSEVideoSinkPrivate.h - Remaining files in queue: 19
2025-08-26 06:43:13,626 - Knowledge - INFO - start ingest for /app/data/b2c/163538/b6952m0/rialto-gstreamer-163538/source/RialtoGStreamerMSEVideoSinkPrivate.h
2025-08-26 06:43:14,862 - Knowledge - INFO - done ingest for /app/data/b2c/163538/b6952m0/rialto-gstreamer-163538/source/RialtoGStreamerMSEBaseSinkPrivate.h
2025-08-26 06:43:15,051 - Knowledge - INFO - process ingested knowledge for /app/data/b2c/163538/b6952m0/rialto-gstreamer-163538/source/RialtoGStreamerMSEBaseSinkPrivate.h
2025-08-26 06:43:15,168 - Knowledge - INFO - Found code-base-name: https://github.com/kavia-common/rialto-gstreamer-163538.git:kavia-6.0.0-rc1
2025-08-26 06:43:15,299 - Knowledge - INFO - Found code_base: <app.utils.kg_build.knowledge.KnowledgeCodeBase object at 0x7f107dc5db50>
2025-08-26 06:43:15,420 - Knowledge - INFO - persist ingested knowledge for /app/data/b2c/163538/b6952m0/rialto-gstreamer-163538/source/RialtoGStreamerMSEBaseSinkPrivate.h
2025-08-26 06:43:16,568 - Knowledge - INFO - persist search terms embedding for source/RialtoGStreamerMSEBaseSinkPrivate.h
2025-08-26 06:43:16,679 - Knowledge - INFO - worker kw23 pull /app/data/b2c/163538/b6952m0/rialto-gstreamer-163538/source/RialtoGSteamerPlugin.cpp from ingest queue
2025-08-26 06:43:16,780 - Knowledge - INFO - Thread kw23 - File RialtoGSteamerPlugin.cpp - Remaining files in queue: 18
2025-08-26 06:43:16,868 - Knowledge - INFO - start ingest for /app/data/b2c/163538/b6952m0/rialto-gstreamer-163538/source/RialtoGSteamerPlugin.cpp
2025-08-26 06:43:18,796 - Knowledge - INFO - done ingest for /app/data/b2c/163538/b6952m0/rialto-gstreamer-163538/source/MediaPlayerManager.cpp
2025-08-26 06:43:18,985 - Knowledge - INFO - process ingested knowledge for /app/data/b2c/163538/b6952m0/rialto-gstreamer-163538/source/MediaPlayerManager.cpp
2025-08-26 06:43:19,082 - Knowledge - INFO - Found code-base-name: https://github.com/kavia-common/rialto-gstreamer-163538.git:kavia-6.0.0-rc1
2025-08-26 06:43:19,197 - Knowledge - INFO - Found code_base: <app.utils.kg_build.knowledge.KnowledgeCodeBase object at 0x7f107dc5db50>
2025-08-26 06:43:19,316 - Knowledge - INFO - persist ingested knowledge for /app/data/b2c/163538/b6952m0/rialto-gstreamer-163538/source/MediaPlayerManager.cpp
2025-08-26 06:43:19,464 - Knowledge - INFO - done ingest for /app/data/b2c/163538/b6952m0/rialto-gstreamer-163538/source/GStreamerMSEUtils.cpp
2025-08-26 06:43:19,703 - Knowledge - INFO - process ingested knowledge for /app/data/b2c/163538/b6952m0/rialto-gstreamer-163538/source/GStreamerMSEUtils.cpp
2025-08-26 06:43:20,047 - Knowledge - INFO - done ingest for /app/data/b2c/163538/b6952m0/rialto-gstreamer-163538/tests/third-party/source/MediaPipelineCapabilitiesFactory.cpp
2025-08-26 06:43:20,059 - Knowledge - INFO - done ingest for /app/data/b2c/163538/b6952m0/rialto-gstreamer-163538/source/MediaPlayerManager.h
2025-08-26 06:43:20,160 - Knowledge - INFO - persist search terms embedding for source/MediaPlayerManager.cpp
2025-08-26 06:43:20,241 - Knowledge - INFO - process ingested knowledge for /app/data/b2c/163538/b6952m0/rialto-gstreamer-163538/tests/third-party/source/MediaPipelineCapabilitiesFactory.cpp
2025-08-26 06:43:20,382 - Knowledge - INFO - process ingested knowledge for /app/data/b2c/163538/b6952m0/rialto-gstreamer-163538/source/MediaPlayerManager.h
2025-08-26 06:43:20,447 - Knowledge - INFO - Found code-base-name: https://github.com/kavia-common/rialto-gstreamer-163538.git:kavia-6.0.0-rc1
2025-08-26 06:43:20,796 - Knowledge - INFO - Found code_base: <app.utils.kg_build.knowledge.KnowledgeCodeBase object at 0x7f107dc5db50>
2025-08-26 06:43:20,535 - Knowledge - INFO - Found code-base-name: https://github.com/kavia-common/rialto-gstreamer-163538.git:kavia-6.0.0-rc1
2025-08-26 06:43:20,661 - Knowledge - INFO - Found code-base-name: https://github.com/kavia-common/rialto-gstreamer-163538.git:kavia-6.0.0-rc1
2025-08-26 06:43:21,115 - Knowledge - INFO - Found code_base: <app.utils.kg_build.knowledge.KnowledgeCodeBase object at 0x7f107dc5db50>
2025-08-26 06:43:21,204 - Knowledge - INFO - persist ingested knowledge for /app/data/b2c/163538/b6952m0/rialto-gstreamer-163538/source/MediaPlayerManager.h
2025-08-26 06:43:20,997 - Knowledge - INFO - Found code_base: <app.utils.kg_build.knowledge.KnowledgeCodeBase object at 0x7f107dc5db50>
2025-08-26 06:43:20,452 - Knowledge - INFO - worker kw8 pull /app/data/b2c/163538/b6952m0/rialto-gstreamer-163538/tests/ut/GStreamerUtilsTests.cpp from ingest queue
2025-08-26 06:43:20,882 - Knowledge - INFO - persist ingested knowledge for /app/data/b2c/163538/b6952m0/rialto-gstreamer-163538/source/GStreamerMSEUtils.cpp
2025-08-26 06:43:21,461 - Knowledge - INFO - persist ingested knowledge for /app/data/b2c/163538/b6952m0/rialto-gstreamer-163538/tests/third-party/source/MediaPipelineCapabilitiesFactory.cpp
2025-08-26 06:43:21,596 - Knowledge - INFO - Thread kw8 - File GStreamerUtilsTests.cpp - Remaining files in queue: 17
2025-08-26 06:43:21,890 - Knowledge - INFO - persist search terms embedding for source/MediaPlayerManager.h
2025-08-26 06:43:21,939 - Knowledge - INFO - start ingest for /app/data/b2c/163538/b6952m0/rialto-gstreamer-163538/tests/ut/GStreamerUtilsTests.cpp
2025-08-26 06:43:22,611 - Knowledge - INFO - persist search terms embedding for source/GStreamerMSEUtils.cpp
2025-08-26 06:43:23,297 - Knowledge - INFO - persist search terms embedding for tests/third-party/source/MediaPipelineCapabilitiesFactory.cpp
2025-08-26 06:43:23,425 - Knowledge - INFO - worker kw2 pull /app/data/b2c/163538/b6952m0/rialto-gstreamer-163538/tests/ut/GStreamerEmeUtilsTests.cpp from ingest queue
2025-08-26 06:43:23,426 - Knowledge - INFO - worker kw4 pull /app/data/b2c/163538/b6952m0/rialto-gstreamer-163538/tests/ut/WebAudioClientBackendTests.cpp from ingest queue
2025-08-26 06:43:23,427 - Knowledge - INFO - worker kw17 pull /app/data/b2c/163538/b6952m0/rialto-gstreamer-163538/tests/ut/ControlBackendTests.cpp from ingest queue
2025-08-26 06:43:23,555 - Knowledge - INFO - Thread kw2 - File GStreamerEmeUtilsTests.cpp - Remaining files in queue: 14
2025-08-26 06:43:23,652 - Knowledge - INFO - Thread kw4 - File WebAudioClientBackendTests.cpp - Remaining files in queue: 14
2025-08-26 06:43:23,763 - Knowledge - INFO - Thread kw17 - File ControlBackendTests.cpp - Remaining files in queue: 14
2025-08-26 06:43:23,864 - Knowledge - INFO - start ingest for /app/data/b2c/163538/b6952m0/rialto-gstreamer-163538/tests/ut/GStreamerEmeUtilsTests.cpp
2025-08-26 06:43:23,991 - Knowledge - INFO - start ingest for /app/data/b2c/163538/b6952m0/rialto-gstreamer-163538/tests/ut/WebAudioClientBackendTests.cpp
2025-08-26 06:43:24,098 - Knowledge - INFO - start ingest for /app/data/b2c/163538/b6952m0/rialto-gstreamer-163538/tests/ut/ControlBackendTests.cpp
2025-08-26 06:43:33,983 - Knowledge - INFO - done ingest for /app/data/b2c/163538/b6952m0/rialto-gstreamer-163538/source/BufferParser.h
2025-08-26 06:43:34,180 - Knowledge - INFO - process ingested knowledge for /app/data/b2c/163538/b6952m0/rialto-gstreamer-163538/source/BufferParser.h
2025-08-26 06:43:34,312 - Knowledge - INFO - Found code-base-name: https://github.com/kavia-common/rialto-gstreamer-163538.git:kavia-6.0.0-rc1
2025-08-26 06:43:34,435 - Knowledge - INFO - Found code_base: <app.utils.kg_build.knowledge.KnowledgeCodeBase object at 0x7f107dc5db50>
2025-08-26 06:43:34,527 - Knowledge - INFO - persist ingested knowledge for /app/data/b2c/163538/b6952m0/rialto-gstreamer-163538/source/BufferParser.h
2025-08-26 06:43:34,963 - Knowledge - INFO - done ingest for /app/data/b2c/163538/b6952m0/rialto-gstreamer-163538/source/RialtoGStreamerMSEAudioSink.h
2025-08-26 06:43:35,129 - Knowledge - INFO - process ingested knowledge for /app/data/b2c/163538/b6952m0/rialto-gstreamer-163538/source/RialtoGStreamerMSEAudioSink.h
2025-08-26 06:43:35,354 - Knowledge - INFO - persist search terms embedding for source/BufferParser.h
2025-08-26 06:43:35,448 - Knowledge - INFO - Found code-base-name: https://github.com/kavia-common/rialto-gstreamer-163538.git:kavia-6.0.0-rc1
2025-08-26 06:43:35,454 - Knowledge - INFO - worker kw22 pull /app/data/b2c/163538/b6952m0/rialto-gstreamer-163538/tests/third-party/source/WebAudioPlayerFactory.cpp from ingest queue
2025-08-26 06:43:35,554 - Knowledge - INFO - Found code_base: <app.utils.kg_build.knowledge.KnowledgeCodeBase object at 0x7f107dc5db50>
2025-08-26 06:43:35,696 - Knowledge - INFO - Thread kw22 - File WebAudioPlayerFactory.cpp - Remaining files in queue: 13
2025-08-26 06:43:35,831 - Knowledge - INFO - persist ingested knowledge for /app/data/b2c/163538/b6952m0/rialto-gstreamer-163538/source/RialtoGStreamerMSEAudioSink.h
2025-08-26 06:43:35,925 - Knowledge - INFO - start ingest for /app/data/b2c/163538/b6952m0/rialto-gstreamer-163538/tests/third-party/source/WebAudioPlayerFactory.cpp
2025-08-26 06:43:36,680 - Knowledge - INFO - persist search terms embedding for source/RialtoGStreamerMSEAudioSink.h
2025-08-26 06:43:36,774 - Knowledge - INFO - worker kw21 pull /app/data/b2c/163538/b6952m0/rialto-gstreamer-163538/tests/third-party/source/MediaPipelineFactory.cpp from ingest queue
2025-08-26 06:43:36,905 - Knowledge - INFO - Thread kw21 - File MediaPipelineFactory.cpp - Remaining files in queue: 12
2025-08-26 06:43:37,018 - Knowledge - INFO - start ingest for /app/data/b2c/163538/b6952m0/rialto-gstreamer-163538/tests/third-party/source/MediaPipelineFactory.cpp
2025-08-26 06:43:38,912 - Knowledge - INFO - done ingest for /app/data/b2c/163538/b6952m0/rialto-gstreamer-163538/source/RialtoGStreamerMSEVideoSinkPrivate.h
2025-08-26 06:43:39,207 - Knowledge - INFO - process ingested knowledge for /app/data/b2c/163538/b6952m0/rialto-gstreamer-163538/source/RialtoGStreamerMSEVideoSinkPrivate.h
2025-08-26 06:43:39,316 - Knowledge - INFO - Found code-base-name: https://github.com/kavia-common/rialto-gstreamer-163538.git:kavia-6.0.0-rc1
2025-08-26 06:43:39,436 - Knowledge - INFO - Found code_base: <app.utils.kg_build.knowledge.KnowledgeCodeBase object at 0x7f107dc5db50>
2025-08-26 06:43:39,562 - Knowledge - INFO - persist ingested knowledge for /app/data/b2c/163538/b6952m0/rialto-gstreamer-163538/source/RialtoGStreamerMSEVideoSinkPrivate.h
2025-08-26 06:43:40,436 - Knowledge - INFO - persist search terms embedding for source/RialtoGStreamerMSEVideoSinkPrivate.h
2025-08-26 06:43:40,542 - Knowledge - INFO - worker kw3 pull /app/data/b2c/163538/b6952m0/rialto-gstreamer-163538/tests/ut/CMakeLists.txt from ingest queue
2025-08-26 06:43:40,629 - Knowledge - INFO - Thread kw3 - File CMakeLists.txt - Remaining files in queue: 11
2025-08-26 06:43:40,737 - Knowledge - INFO - start ingest for /app/data/b2c/163538/b6952m0/rialto-gstreamer-163538/tests/ut/CMakeLists.txt
2025-08-26 06:43:40,879 - Knowledge - INFO - Fast-track processing for simple file: /app/data/b2c/163538/b6952m0/rialto-gstreamer-163538/tests/ut/CMakeLists.txt
2025-08-26 06:43:40,988 - Knowledge - INFO - done fast ingest for /app/data/b2c/163538/b6952m0/rialto-gstreamer-163538/tests/ut/CMakeLists.txt
2025-08-26 06:43:41,096 - Knowledge - INFO - process ingested knowledge for /app/data/b2c/163538/b6952m0/rialto-gstreamer-163538/tests/ut/CMakeLists.txt
2025-08-26 06:43:41,203 - Knowledge - INFO - Found code-base-name: https://github.com/kavia-common/rialto-gstreamer-163538.git:kavia-6.0.0-rc1
2025-08-26 06:43:41,300 - Knowledge - INFO - Found code_base: <app.utils.kg_build.knowledge.KnowledgeCodeBase object at 0x7f107dc5db50>
2025-08-26 06:43:41,427 - Knowledge - INFO - persist ingested knowledge for /app/data/b2c/163538/b6952m0/rialto-gstreamer-163538/tests/ut/CMakeLists.txt
2025-08-26 06:43:41,817 - Knowledge - INFO - worker kw3 pull /app/data/b2c/163538/b6952m0/rialto-gstreamer-163538/tests/ut/BufferParserTests.cpp from ingest queue
2025-08-26 06:43:41,922 - Knowledge - INFO - done ingest for /app/data/b2c/163538/b6952m0/rialto-gstreamer-163538/source/WebAudioClientBackendInterface.h
2025-08-26 06:43:41,958 - Knowledge - INFO - Thread kw3 - File BufferParserTests.cpp - Remaining files in queue: 10
2025-08-26 06:43:42,176 - Knowledge - INFO - process ingested knowledge for /app/data/b2c/163538/b6952m0/rialto-gstreamer-163538/source/WebAudioClientBackendInterface.h
2025-08-26 06:43:42,190 - Knowledge - INFO - start ingest for /app/data/b2c/163538/b6952m0/rialto-gstreamer-163538/tests/ut/BufferParserTests.cpp
2025-08-26 06:43:42,318 - Knowledge - INFO - Found code-base-name: https://github.com/kavia-common/rialto-gstreamer-163538.git:kavia-6.0.0-rc1
2025-08-26 06:43:42,574 - Knowledge - INFO - Found code_base: <app.utils.kg_build.knowledge.KnowledgeCodeBase object at 0x7f107dc5db50>
2025-08-26 06:43:42,716 - Knowledge - INFO - persist ingested knowledge for /app/data/b2c/163538/b6952m0/rialto-gstreamer-163538/source/WebAudioClientBackendInterface.h
2025-08-26 06:43:43,572 - Knowledge - INFO - persist search terms embedding for source/WebAudioClientBackendInterface.h
2025-08-26 06:43:43,700 - Knowledge - INFO - worker kw9 pull /app/data/b2c/163538/b6952m0/rialto-gstreamer-163538/tests/mocks/CMakeLists.txt from ingest queue
2025-08-26 06:43:43,791 - Knowledge - INFO - Thread kw9 - File CMakeLists.txt - Remaining files in queue: 9
2025-08-26 06:43:43,915 - Knowledge - INFO - start ingest for /app/data/b2c/163538/b6952m0/rialto-gstreamer-163538/tests/mocks/CMakeLists.txt
2025-08-26 06:43:44,066 - Knowledge - INFO - Fast-track processing for simple file: /app/data/b2c/163538/b6952m0/rialto-gstreamer-163538/tests/mocks/CMakeLists.txt
2025-08-26 06:43:44,171 - Knowledge - INFO - done fast ingest for /app/data/b2c/163538/b6952m0/rialto-gstreamer-163538/tests/mocks/CMakeLists.txt
2025-08-26 06:43:44,294 - Knowledge - INFO - process ingested knowledge for /app/data/b2c/163538/b6952m0/rialto-gstreamer-163538/tests/mocks/CMakeLists.txt
2025-08-26 06:43:44,402 - Knowledge - INFO - Found code-base-name: https://github.com/kavia-common/rialto-gstreamer-163538.git:kavia-6.0.0-rc1
2025-08-26 06:43:44,525 - Knowledge - INFO - Found code_base: <app.utils.kg_build.knowledge.KnowledgeCodeBase object at 0x7f107dc5db50>
2025-08-26 06:43:44,637 - Knowledge - INFO - persist ingested knowledge for /app/data/b2c/163538/b6952m0/rialto-gstreamer-163538/tests/mocks/CMakeLists.txt
2025-08-26 06:43:45,116 - Knowledge - INFO - worker kw9 pull /app/data/b2c/163538/b6952m0/rialto-gstreamer-163538/tests/mocks/ControlMock.h from ingest queue
2025-08-26 06:43:45,211 - Knowledge - INFO - Thread kw9 - File ControlMock.h - Remaining files in queue: 8
2025-08-26 06:43:45,323 - Knowledge - INFO - start ingest for /app/data/b2c/163538/b6952m0/rialto-gstreamer-163538/tests/mocks/ControlMock.h
2025-08-26 06:43:45,985 - Knowledge - INFO - done ingest for /app/data/b2c/163538/b6952m0/rialto-gstreamer-163538/source/Timer.h
2025-08-26 06:43:46,177 - Knowledge - INFO - process ingested knowledge for /app/data/b2c/163538/b6952m0/rialto-gstreamer-163538/source/Timer.h
2025-08-26 06:43:46,329 - Knowledge - INFO - Found code-base-name: https://github.com/kavia-common/rialto-gstreamer-163538.git:kavia-6.0.0-rc1
2025-08-26 06:43:46,442 - Knowledge - INFO - Found code_base: <app.utils.kg_build.knowledge.KnowledgeCodeBase object at 0x7f107dc5db50>
2025-08-26 06:43:46,569 - Knowledge - INFO - persist ingested knowledge for /app/data/b2c/163538/b6952m0/rialto-gstreamer-163538/source/Timer.h
2025-08-26 06:43:47,432 - Knowledge - INFO - persist search terms embedding for source/Timer.h
2025-08-26 06:43:47,586 - Knowledge - INFO - worker kw16 pull /app/data/b2c/163538/b6952m0/rialto-gstreamer-163538/tests/mocks/MediaPipelineClientMock.h from ingest queue
2025-08-26 06:43:47,695 - Knowledge - INFO - Thread kw16 - File MediaPipelineClientMock.h - Remaining files in queue: 7
2025-08-26 06:43:47,826 - Knowledge - INFO - start ingest for /app/data/b2c/163538/b6952m0/rialto-gstreamer-163538/tests/mocks/MediaPipelineClientMock.h
2025-08-26 06:43:50,660 - Knowledge - INFO - done ingest for /app/data/b2c/163538/b6952m0/rialto-gstreamer-163538/source/GStreamerWebAudioPlayerClient.h
2025-08-26 06:43:50,835 - Knowledge - INFO - process ingested knowledge for /app/data/b2c/163538/b6952m0/rialto-gstreamer-163538/source/GStreamerWebAudioPlayerClient.h
2025-08-26 06:43:50,939 - Knowledge - INFO - Found code-base-name: https://github.com/kavia-common/rialto-gstreamer-163538.git:kavia-6.0.0-rc1
2025-08-26 06:43:51,053 - Knowledge - INFO - Found code_base: <app.utils.kg_build.knowledge.KnowledgeCodeBase object at 0x7f107dc5db50>
2025-08-26 06:43:51,131 - Knowledge - INFO - persist ingested knowledge for /app/data/b2c/163538/b6952m0/rialto-gstreamer-163538/source/GStreamerWebAudioPlayerClient.h
2025-08-26 06:43:51,758 - Knowledge - INFO - persist search terms embedding for source/GStreamerWebAudioPlayerClient.h
2025-08-26 06:43:51,864 - Knowledge - INFO - worker kw24 pull /app/data/b2c/163538/b6952m0/rialto-gstreamer-163538/tests/mocks/WebAudioPlayerMock.h from ingest queue
2025-08-26 06:43:51,979 - Knowledge - INFO - Thread kw24 - File WebAudioPlayerMock.h - Remaining files in queue: 6
2025-08-26 06:43:52,051 - Knowledge - INFO - start ingest for /app/data/b2c/163538/b6952m0/rialto-gstreamer-163538/tests/mocks/WebAudioPlayerMock.h
2025-08-26 06:43:55,113 - Knowledge - INFO - done ingest for /app/data/b2c/163538/b6952m0/rialto-gstreamer-163538/source/RialtoGSteamerPlugin.cpp
2025-08-26 06:43:55,272 - Knowledge - INFO - process ingested knowledge for /app/data/b2c/163538/b6952m0/rialto-gstreamer-163538/source/RialtoGSteamerPlugin.cpp
2025-08-26 06:43:55,407 - Knowledge - INFO - Found code-base-name: https://github.com/kavia-common/rialto-gstreamer-163538.git:kavia-6.0.0-rc1
2025-08-26 06:43:55,549 - Knowledge - INFO - Found code_base: <app.utils.kg_build.knowledge.KnowledgeCodeBase object at 0x7f107dc5db50>
2025-08-26 06:43:55,629 - Knowledge - INFO - done ingest for /app/data/b2c/163538/b6952m0/rialto-gstreamer-163538/tests/ut/GStreamerUtilsTests.cpp
2025-08-26 06:43:55,662 - Knowledge - INFO - persist ingested knowledge for /app/data/b2c/163538/b6952m0/rialto-gstreamer-163538/source/RialtoGSteamerPlugin.cpp
2025-08-26 06:43:55,836 - Knowledge - INFO - process ingested knowledge for /app/data/b2c/163538/b6952m0/rialto-gstreamer-163538/tests/ut/GStreamerUtilsTests.cpp
2025-08-26 06:43:56,413 - Knowledge - INFO - persist search terms embedding for source/RialtoGSteamerPlugin.cpp
2025-08-26 06:43:56,535 - Knowledge - INFO - Found code-base-name: https://github.com/kavia-common/rialto-gstreamer-163538.git:kavia-6.0.0-rc1
2025-08-26 06:43:56,623 - Knowledge - INFO - Found code_base: <app.utils.kg_build.knowledge.KnowledgeCodeBase object at 0x7f107dc5db50>
2025-08-26 06:43:56,554 - Knowledge - INFO - worker kw23 pull /app/data/b2c/163538/b6952m0/rialto-gstreamer-163538/CONTRIBUTING.md from ingest queue
2025-08-26 06:43:56,728 - Knowledge - INFO - persist ingested knowledge for /app/data/b2c/163538/b6952m0/rialto-gstreamer-163538/tests/ut/GStreamerUtilsTests.cpp
2025-08-26 06:43:56,869 - Knowledge - INFO - Thread kw23 - File CONTRIBUTING.md - Remaining files in queue: 5
2025-08-26 06:43:57,130 - Knowledge - INFO - start ingest for /app/data/b2c/163538/b6952m0/rialto-gstreamer-163538/CONTRIBUTING.md
2025-08-26 06:43:57,268 - Knowledge - INFO - Fast-track processing for simple file: /app/data/b2c/163538/b6952m0/rialto-gstreamer-163538/CONTRIBUTING.md
2025-08-26 06:43:57,390 - Knowledge - INFO - done fast ingest for /app/data/b2c/163538/b6952m0/rialto-gstreamer-163538/CONTRIBUTING.md
2025-08-26 06:43:57,483 - Knowledge - INFO - process ingested knowledge for /app/data/b2c/163538/b6952m0/rialto-gstreamer-163538/CONTRIBUTING.md
2025-08-26 06:43:57,581 - Knowledge - INFO - persist search terms embedding for tests/ut/GStreamerUtilsTests.cpp
2025-08-26 06:43:57,735 - Knowledge - INFO - Found code-base-name: https://github.com/kavia-common/rialto-gstreamer-163538.git:kavia-6.0.0-rc1
2025-08-26 06:43:57,741 - Knowledge - INFO - worker kw8 pull /app/data/b2c/163538/b6952m0/rialto-gstreamer-163538/tests/mocks/MediaPipelineCapabilitiesMock.h from ingest queue
2025-08-26 06:43:57,875 - Knowledge - INFO - Found code_base: <app.utils.kg_build.knowledge.KnowledgeCodeBase object at 0x7f107dc5db50>
2025-08-26 06:43:57,967 - Knowledge - INFO - Thread kw8 - File MediaPipelineCapabilitiesMock.h - Remaining files in queue: 4
2025-08-26 06:43:58,084 - Knowledge - INFO - persist ingested knowledge for /app/data/b2c/163538/b6952m0/rialto-gstreamer-163538/CONTRIBUTING.md
2025-08-26 06:43:58,176 - Knowledge - INFO - done ingest for /app/data/b2c/163538/b6952m0/rialto-gstreamer-163538/source/ControlBackend.h
2025-08-26 06:43:58,198 - Knowledge - INFO - start ingest for /app/data/b2c/163538/b6952m0/rialto-gstreamer-163538/tests/mocks/MediaPipelineCapabilitiesMock.h
2025-08-26 06:43:58,487 - Knowledge - INFO - process ingested knowledge for /app/data/b2c/163538/b6952m0/rialto-gstreamer-163538/source/ControlBackend.h
2025-08-26 06:43:58,537 - Knowledge - INFO - worker kw23 pull /app/data/b2c/163538/b6952m0/rialto-gstreamer-163538/tests/mocks/WebAudioPlayerClientMock.h from ingest queue
2025-08-26 06:43:58,604 - Knowledge - INFO - Found code-base-name: https://github.com/kavia-common/rialto-gstreamer-163538.git:kavia-6.0.0-rc1
2025-08-26 06:43:58,712 - Knowledge - INFO - Thread kw23 - File WebAudioPlayerClientMock.h - Remaining files in queue: 3
2025-08-26 06:43:58,818 - Knowledge - INFO - Found code_base: <app.utils.kg_build.knowledge.KnowledgeCodeBase object at 0x7f107dc5db50>
2025-08-26 06:43:58,935 - Knowledge - INFO - start ingest for /app/data/b2c/163538/b6952m0/rialto-gstreamer-163538/tests/mocks/WebAudioPlayerClientMock.h
2025-08-26 06:43:59,064 - Knowledge - INFO - persist ingested knowledge for /app/data/b2c/163538/b6952m0/rialto-gstreamer-163538/source/ControlBackend.h
2025-08-26 06:43:59,467 - Knowledge - INFO - done ingest for /app/data/b2c/163538/b6952m0/rialto-gstreamer-163538/source/WebAudioClientBackend.h
2025-08-26 06:43:59,703 - Knowledge - INFO - process ingested knowledge for /app/data/b2c/163538/b6952m0/rialto-gstreamer-163538/source/WebAudioClientBackend.h
2025-08-26 06:44:00,148 - Knowledge - INFO - persist search terms embedding for source/ControlBackend.h
2025-08-26 06:44:00,268 - Knowledge - INFO - Found code-base-name: https://github.com/kavia-common/rialto-gstreamer-163538.git:kavia-6.0.0-rc1
2025-08-26 06:44:00,271 - Knowledge - INFO - worker kw1 pull /app/data/b2c/163538/b6952m0/rialto-gstreamer-163538/CHANGELOG.md from ingest queue
2025-08-26 06:44:00,501 - Knowledge - INFO - Thread kw1 - File CHANGELOG.md - Remaining files in queue: 2
2025-08-26 06:44:00,388 - Knowledge - INFO - Found code_base: <app.utils.kg_build.knowledge.KnowledgeCodeBase object at 0x7f107dc5db50>
2025-08-26 06:44:00,609 - Knowledge - INFO - start ingest for /app/data/b2c/163538/b6952m0/rialto-gstreamer-163538/CHANGELOG.md
2025-08-26 06:44:00,746 - Knowledge - INFO - persist ingested knowledge for /app/data/b2c/163538/b6952m0/rialto-gstreamer-163538/source/WebAudioClientBackend.h
2025-08-26 06:44:00,900 - Knowledge - INFO - Fast-track processing for simple file: /app/data/b2c/163538/b6952m0/rialto-gstreamer-163538/CHANGELOG.md
2025-08-26 06:44:01,064 - Knowledge - INFO - done fast ingest for /app/data/b2c/163538/b6952m0/rialto-gstreamer-163538/CHANGELOG.md
2025-08-26 06:44:01,146 - Knowledge - INFO - process ingested knowledge for /app/data/b2c/163538/b6952m0/rialto-gstreamer-163538/CHANGELOG.md
2025-08-26 06:44:01,717 - Knowledge - INFO - persist search terms embedding for source/WebAudioClientBackend.h
2025-08-26 06:44:01,805 - Knowledge - INFO - Found code-base-name: https://github.com/kavia-common/rialto-gstreamer-163538.git:kavia-6.0.0-rc1
2025-08-26 06:44:01,934 - Knowledge - INFO - Found code_base: <app.utils.kg_build.knowledge.KnowledgeCodeBase object at 0x7f107dc5db50>
2025-08-26 06:44:02,024 - Knowledge - INFO - persist ingested knowledge for /app/data/b2c/163538/b6952m0/rialto-gstreamer-163538/CHANGELOG.md
2025-08-26 06:44:01,806 - Knowledge - INFO - worker kw5 pull /app/data/b2c/163538/b6952m0/rialto-gstreamer-163538/tests/mocks/MediaPipelineMock.h from ingest queue
2025-08-26 06:44:02,234 - Knowledge - INFO - Thread kw5 - File MediaPipelineMock.h - Remaining files in queue: 1
2025-08-26 06:44:02,333 - Knowledge - INFO - worker kw1 pull /app/data/b2c/163538/b6952m0/rialto-gstreamer-163538/build_ut.py from ingest queue
2025-08-26 06:44:02,487 - Knowledge - INFO - Thread kw1 - File build_ut.py - Remaining files in queue: 0
2025-08-26 06:44:02,352 - Knowledge - INFO - start ingest for /app/data/b2c/163538/b6952m0/rialto-gstreamer-163538/tests/mocks/MediaPipelineMock.h
2025-08-26 06:44:02,597 - Knowledge - INFO - start ingest for /app/data/b2c/163538/b6952m0/rialto-gstreamer-163538/build_ut.py
2025-08-26 06:44:04,564 - Knowledge - INFO - done ingest for /app/data/b2c/163538/b6952m0/rialto-gstreamer-163538/source/GStreamerEMEUtils.cpp
2025-08-26 06:44:04,736 - Knowledge - INFO - process ingested knowledge for /app/data/b2c/163538/b6952m0/rialto-gstreamer-163538/source/GStreamerEMEUtils.cpp
2025-08-26 06:44:04,853 - Knowledge - INFO - Found code-base-name: https://github.com/kavia-common/rialto-gstreamer-163538.git:kavia-6.0.0-rc1
2025-08-26 06:44:04,968 - Knowledge - INFO - Found code_base: <app.utils.kg_build.knowledge.KnowledgeCodeBase object at 0x7f107dc5db50>
2025-08-26 06:44:05,083 - Knowledge - INFO - persist ingested knowledge for /app/data/b2c/163538/b6952m0/rialto-gstreamer-163538/source/GStreamerEMEUtils.cpp
2025-08-26 06:44:05,289 - Knowledge - INFO - done ingest for /app/data/b2c/163538/b6952m0/rialto-gstreamer-163538/tests/third-party/source/MediaPipelineFactory.cpp
2025-08-26 06:44:05,933 - Knowledge - INFO - process ingested knowledge for /app/data/b2c/163538/b6952m0/rialto-gstreamer-163538/tests/third-party/source/MediaPipelineFactory.cpp
2025-08-26 06:44:06,258 - Knowledge - INFO - persist search terms embedding for source/GStreamerEMEUtils.cpp
2025-08-26 06:44:06,374 - Knowledge - INFO - Found code-base-name: https://github.com/kavia-common/rialto-gstreamer-163538.git:kavia-6.0.0-rc1
2025-08-26 06:44:06,512 - Knowledge - INFO - Found code_base: <app.utils.kg_build.knowledge.KnowledgeCodeBase object at 0x7f107dc5db50>
2025-08-26 06:44:06,648 - Knowledge - INFO - persist ingested knowledge for /app/data/b2c/163538/b6952m0/rialto-gstreamer-163538/tests/third-party/source/MediaPipelineFactory.cpp
2025-08-26 06:44:07,526 - Knowledge - INFO - persist search terms embedding for tests/third-party/source/MediaPipelineFactory.cpp
2025-08-26 06:44:10,884 - Knowledge - INFO - done ingest for /app/data/b2c/163538/b6952m0/rialto-gstreamer-163538/source/RialtoGStreamerMSEBaseSink.h
2025-08-26 06:44:11,114 - Knowledge - INFO - process ingested knowledge for /app/data/b2c/163538/b6952m0/rialto-gstreamer-163538/source/RialtoGStreamerMSEBaseSink.h
2025-08-26 06:44:11,274 - Knowledge - INFO - Found code-base-name: https://github.com/kavia-common/rialto-gstreamer-163538.git:kavia-6.0.0-rc1
2025-08-26 06:44:11,365 - Knowledge - INFO - Found code_base: <app.utils.kg_build.knowledge.KnowledgeCodeBase object at 0x7f107dc5db50>
2025-08-26 06:44:11,450 - Knowledge - INFO - persist ingested knowledge for /app/data/b2c/163538/b6952m0/rialto-gstreamer-163538/source/RialtoGStreamerMSEBaseSink.h
2025-08-26 06:44:11,707 - Knowledge - INFO - done ingest for /app/data/b2c/163538/b6952m0/rialto-gstreamer-163538/tests/third-party/source/WebAudioPlayerFactory.cpp
2025-08-26 06:44:11,852 - Knowledge - INFO - process ingested knowledge for /app/data/b2c/163538/b6952m0/rialto-gstreamer-163538/tests/third-party/source/WebAudioPlayerFactory.cpp
2025-08-26 06:44:12,357 - Knowledge - INFO - persist search terms embedding for source/RialtoGStreamerMSEBaseSink.h
2025-08-26 06:44:12,487 - Knowledge - INFO - Found code-base-name: https://github.com/kavia-common/rialto-gstreamer-163538.git:kavia-6.0.0-rc1
2025-08-26 06:44:12,596 - Knowledge - INFO - Found code_base: <app.utils.kg_build.knowledge.KnowledgeCodeBase object at 0x7f107dc5db50>
2025-08-26 06:44:12,732 - Knowledge - INFO - persist ingested knowledge for /app/data/b2c/163538/b6952m0/rialto-gstreamer-163538/tests/third-party/source/WebAudioPlayerFactory.cpp
2025-08-26 06:44:13,482 - Knowledge - INFO - persist search terms embedding for tests/third-party/source/WebAudioPlayerFactory.cpp
2025-08-26 06:44:14,587 - Knowledge - INFO - done ingest for /app/data/b2c/163538/b6952m0/rialto-gstreamer-163538/source/GStreamerWebAudioPlayerClient.cpp
2025-08-26 06:44:14,746 - Knowledge - INFO - process ingested knowledge for /app/data/b2c/163538/b6952m0/rialto-gstreamer-163538/source/GStreamerWebAudioPlayerClient.cpp
2025-08-26 06:44:14,890 - Knowledge - INFO - Found code-base-name: https://github.com/kavia-common/rialto-gstreamer-163538.git:kavia-6.0.0-rc1
2025-08-26 06:44:14,991 - Knowledge - INFO - Found code_base: <app.utils.kg_build.knowledge.KnowledgeCodeBase object at 0x7f107dc5db50>
2025-08-26 06:44:15,084 - Knowledge - INFO - persist ingested knowledge for /app/data/b2c/163538/b6952m0/rialto-gstreamer-163538/source/GStreamerWebAudioPlayerClient.cpp
2025-08-26 06:44:15,819 - Knowledge - INFO - persist search terms embedding for source/GStreamerWebAudioPlayerClient.cpp
2025-08-26 06:44:16,127 - Knowledge - INFO - done ingest for /app/data/b2c/163538/b6952m0/rialto-gstreamer-163538/source/RialtoGStreamerMSEAudioSink.cpp
2025-08-26 06:44:16,318 - Knowledge - INFO - process ingested knowledge for /app/data/b2c/163538/b6952m0/rialto-gstreamer-163538/source/RialtoGStreamerMSEAudioSink.cpp
2025-08-26 06:44:16,417 - Knowledge - INFO - Found code-base-name: https://github.com/kavia-common/rialto-gstreamer-163538.git:kavia-6.0.0-rc1
2025-08-26 06:44:16,509 - Knowledge - INFO - Found code_base: <app.utils.kg_build.knowledge.KnowledgeCodeBase object at 0x7f107dc5db50>
2025-08-26 06:44:16,637 - Knowledge - INFO - persist ingested knowledge for /app/data/b2c/163538/b6952m0/rialto-gstreamer-163538/source/RialtoGStreamerMSEAudioSink.cpp
2025-08-26 06:44:17,386 - Knowledge - INFO - persist search terms embedding for source/RialtoGStreamerMSEAudioSink.cpp
2025-08-26 06:44:19,974 - Knowledge - INFO - done ingest for /app/data/b2c/163538/b6952m0/rialto-gstreamer-163538/source/MediaPlayerClientBackendInterface.h
2025-08-26 06:44:20,107 - Knowledge - INFO - process ingested knowledge for /app/data/b2c/163538/b6952m0/rialto-gstreamer-163538/source/MediaPlayerClientBackendInterface.h
2025-08-26 06:44:20,276 - Knowledge - INFO - Found code-base-name: https://github.com/kavia-common/rialto-gstreamer-163538.git:kavia-6.0.0-rc1
2025-08-26 06:44:20,366 - Knowledge - INFO - Found code_base: <app.utils.kg_build.knowledge.KnowledgeCodeBase object at 0x7f107dc5db50>
2025-08-26 06:44:20,502 - Knowledge - INFO - persist ingested knowledge for /app/data/b2c/163538/b6952m0/rialto-gstreamer-163538/source/MediaPlayerClientBackendInterface.h
2025-08-26 06:44:21,341 - Knowledge - INFO - persist search terms embedding for source/MediaPlayerClientBackendInterface.h
2025-08-26 06:44:24,065 - Knowledge - INFO - done ingest for /app/data/b2c/163538/b6952m0/rialto-gstreamer-163538/source/MediaPlayerClientBackend.h
2025-08-26 06:44:24,231 - Knowledge - INFO - process ingested knowledge for /app/data/b2c/163538/b6952m0/rialto-gstreamer-163538/source/MediaPlayerClientBackend.h
2025-08-26 06:44:24,361 - Knowledge - INFO - Found code-base-name: https://github.com/kavia-common/rialto-gstreamer-163538.git:kavia-6.0.0-rc1
2025-08-26 06:44:24,467 - Knowledge - INFO - Found code_base: <app.utils.kg_build.knowledge.KnowledgeCodeBase object at 0x7f107dc5db50>
2025-08-26 06:44:24,564 - Knowledge - INFO - persist ingested knowledge for /app/data/b2c/163538/b6952m0/rialto-gstreamer-163538/source/MediaPlayerClientBackend.h
2025-08-26 06:44:25,339 - Knowledge - INFO - persist search terms embedding for source/MediaPlayerClientBackend.h
2025-08-26 06:44:26,617 - Knowledge - INFO - done ingest for /app/data/b2c/163538/b6952m0/rialto-gstreamer-163538/tests/mocks/WebAudioPlayerClientMock.h
2025-08-26 06:44:26,762 - Knowledge - INFO - process ingested knowledge for /app/data/b2c/163538/b6952m0/rialto-gstreamer-163538/tests/mocks/WebAudioPlayerClientMock.h
2025-08-26 06:44:26,940 - Knowledge - INFO - Found code-base-name: https://github.com/kavia-common/rialto-gstreamer-163538.git:kavia-6.0.0-rc1
2025-08-26 06:44:27,038 - Knowledge - INFO - Found code_base: <app.utils.kg_build.knowledge.KnowledgeCodeBase object at 0x7f107dc5db50>
2025-08-26 06:44:27,195 - Knowledge - INFO - persist ingested knowledge for /app/data/b2c/163538/b6952m0/rialto-gstreamer-163538/tests/mocks/WebAudioPlayerClientMock.h
2025-08-26 06:44:27,980 - Knowledge - INFO - persist search terms embedding for tests/mocks/WebAudioPlayerClientMock.h
2025-08-26 06:44:28,432 - Knowledge - INFO - done ingest for /app/data/b2c/163538/b6952m0/rialto-gstreamer-163538/tests/ut/ControlBackendTests.cpp
2025-08-26 06:44:28,557 - Knowledge - INFO - process ingested knowledge for /app/data/b2c/163538/b6952m0/rialto-gstreamer-163538/tests/ut/ControlBackendTests.cpp
2025-08-26 06:44:28,661 - Knowledge - INFO - Found code-base-name: https://github.com/kavia-common/rialto-gstreamer-163538.git:kavia-6.0.0-rc1
2025-08-26 06:44:28,752 - Knowledge - INFO - Found code_base: <app.utils.kg_build.knowledge.KnowledgeCodeBase object at 0x7f107dc5db50>
2025-08-26 06:44:28,865 - Knowledge - INFO - persist ingested knowledge for /app/data/b2c/163538/b6952m0/rialto-gstreamer-163538/tests/ut/ControlBackendTests.cpp
2025-08-26 06:44:29,371 - Knowledge - INFO - done ingest for /app/data/b2c/163538/b6952m0/rialto-gstreamer-163538/tests/ut/GStreamerEmeUtilsTests.cpp
2025-08-26 06:44:29,508 - Knowledge - INFO - process ingested knowledge for /app/data/b2c/163538/b6952m0/rialto-gstreamer-163538/tests/ut/GStreamerEmeUtilsTests.cpp
2025-08-26 06:44:29,602 - Knowledge - INFO - persist search terms embedding for tests/ut/ControlBackendTests.cpp
2025-08-26 06:44:29,782 - Knowledge - INFO - Found code-base-name: https://github.com/kavia-common/rialto-gstreamer-163538.git:kavia-6.0.0-rc1
2025-08-26 06:44:29,870 - Knowledge - INFO - Found code_base: <app.utils.kg_build.knowledge.KnowledgeCodeBase object at 0x7f107dc5db50>
2025-08-26 06:44:29,994 - Knowledge - INFO - persist ingested knowledge for /app/data/b2c/163538/b6952m0/rialto-gstreamer-163538/tests/ut/GStreamerEmeUtilsTests.cpp
2025-08-26 06:44:30,897 - Knowledge - INFO - persist search terms embedding for tests/ut/GStreamerEmeUtilsTests.cpp
2025-08-26 06:44:31,093 - Knowledge - INFO - done ingest for /app/data/b2c/163538/b6952m0/rialto-gstreamer-163538/tests/mocks/ControlMock.h
2025-08-26 06:44:31,248 - Knowledge - INFO - process ingested knowledge for /app/data/b2c/163538/b6952m0/rialto-gstreamer-163538/tests/mocks/ControlMock.h
2025-08-26 06:44:31,479 - Knowledge - INFO - Found code-base-name: https://github.com/kavia-common/rialto-gstreamer-163538.git:kavia-6.0.0-rc1
2025-08-26 06:44:31,575 - Knowledge - INFO - Found code_base: <app.utils.kg_build.knowledge.KnowledgeCodeBase object at 0x7f107dc5db50>
2025-08-26 06:44:31,678 - Knowledge - INFO - persist ingested knowledge for /app/data/b2c/163538/b6952m0/rialto-gstreamer-163538/tests/mocks/ControlMock.h
2025-08-26 06:44:32,094 - Knowledge - INFO - done ingest for /app/data/b2c/163538/b6952m0/rialto-gstreamer-163538/tests/ut/BufferParserTests.cpp
2025-08-26 06:44:32,280 - Knowledge - INFO - process ingested knowledge for /app/data/b2c/163538/b6952m0/rialto-gstreamer-163538/tests/ut/BufferParserTests.cpp
2025-08-26 06:44:32,634 - Knowledge - INFO - persist search terms embedding for tests/mocks/ControlMock.h
2025-08-26 06:44:32,743 - Knowledge - INFO - Found code-base-name: https://github.com/kavia-common/rialto-gstreamer-163538.git:kavia-6.0.0-rc1
2025-08-26 06:44:32,845 - Knowledge - INFO - Found code_base: <app.utils.kg_build.knowledge.KnowledgeCodeBase object at 0x7f107dc5db50>
2025-08-26 06:44:32,961 - Knowledge - INFO - persist ingested knowledge for /app/data/b2c/163538/b6952m0/rialto-gstreamer-163538/tests/ut/BufferParserTests.cpp
2025-08-26 06:44:33,646 - Knowledge - INFO - persist search terms embedding for tests/ut/BufferParserTests.cpp
2025-08-26 06:44:33,745 - Knowledge - INFO - done ingest for /app/data/b2c/163538/b6952m0/rialto-gstreamer-163538/tests/ut/WebAudioClientBackendTests.cpp
2025-08-26 06:44:33,935 - Knowledge - INFO - process ingested knowledge for /app/data/b2c/163538/b6952m0/rialto-gstreamer-163538/tests/ut/WebAudioClientBackendTests.cpp
2025-08-26 06:44:34,064 - Knowledge - INFO - Found code-base-name: https://github.com/kavia-common/rialto-gstreamer-163538.git:kavia-6.0.0-rc1
2025-08-26 06:44:34,195 - Knowledge - INFO - Found code_base: <app.utils.kg_build.knowledge.KnowledgeCodeBase object at 0x7f107dc5db50>
2025-08-26 06:44:34,294 - Knowledge - INFO - persist ingested knowledge for /app/data/b2c/163538/b6952m0/rialto-gstreamer-163538/tests/ut/WebAudioClientBackendTests.cpp
2025-08-26 06:44:35,204 - Knowledge - INFO - persist search terms embedding for tests/ut/WebAudioClientBackendTests.cpp
2025-08-26 06:44:36,886 - Knowledge - INFO - done ingest for /app/data/b2c/163538/b6952m0/rialto-gstreamer-163538/tests/mocks/MediaPipelineClientMock.h
2025-08-26 06:44:37,080 - Knowledge - INFO - process ingested knowledge for /app/data/b2c/163538/b6952m0/rialto-gstreamer-163538/tests/mocks/MediaPipelineClientMock.h
2025-08-26 06:44:37,222 - Knowledge - INFO - Found code-base-name: https://github.com/kavia-common/rialto-gstreamer-163538.git:kavia-6.0.0-rc1
2025-08-26 06:44:37,336 - Knowledge - INFO - Found code_base: <app.utils.kg_build.knowledge.KnowledgeCodeBase object at 0x7f107dc5db50>
2025-08-26 06:44:37,425 - Knowledge - INFO - persist ingested knowledge for /app/data/b2c/163538/b6952m0/rialto-gstreamer-163538/tests/mocks/MediaPipelineClientMock.h
2025-08-26 06:44:37,445 - Knowledge - INFO - done ingest for /app/data/b2c/163538/b6952m0/rialto-gstreamer-163538/tests/mocks/MediaPipelineCapabilitiesMock.h
2025-08-26 06:44:37,733 - Knowledge - INFO - process ingested knowledge for /app/data/b2c/163538/b6952m0/rialto-gstreamer-163538/tests/mocks/MediaPipelineCapabilitiesMock.h
2025-08-26 06:44:38,175 - Knowledge - INFO - done ingest for /app/data/b2c/163538/b6952m0/rialto-gstreamer-163538/tests/ut/MediaPlayerClientBackendTests.cpp
2025-08-26 06:44:38,312 - Knowledge - INFO - process ingested knowledge for /app/data/b2c/163538/b6952m0/rialto-gstreamer-163538/tests/ut/MediaPlayerClientBackendTests.cpp
2025-08-26 06:44:38,481 - Knowledge - INFO - persist search terms embedding for tests/mocks/MediaPipelineClientMock.h
2025-08-26 06:44:38,641 - Knowledge - INFO - Found code-base-name: https://github.com/kavia-common/rialto-gstreamer-163538.git:kavia-6.0.0-rc1
2025-08-26 06:44:38,673 - Knowledge - INFO - Found code-base-name: https://github.com/kavia-common/rialto-gstreamer-163538.git:kavia-6.0.0-rc1
2025-08-26 06:44:38,770 - Knowledge - INFO - Found code_base: <app.utils.kg_build.knowledge.KnowledgeCodeBase object at 0x7f107dc5db50>
2025-08-26 06:44:38,904 - Knowledge - INFO - Found code_base: <app.utils.kg_build.knowledge.KnowledgeCodeBase object at 0x7f107dc5db50>
2025-08-26 06:44:39,039 - Knowledge - INFO - persist ingested knowledge for /app/data/b2c/163538/b6952m0/rialto-gstreamer-163538/tests/mocks/MediaPipelineCapabilitiesMock.h
2025-08-26 06:44:39,155 - Knowledge - INFO - persist ingested knowledge for /app/data/b2c/163538/b6952m0/rialto-gstreamer-163538/tests/ut/MediaPlayerClientBackendTests.cpp
2025-08-26 06:44:39,489 - Knowledge - INFO - done ingest for /app/data/b2c/163538/b6952m0/rialto-gstreamer-163538/build_ut.py
2025-08-26 06:44:39,654 - Knowledge - INFO - process ingested knowledge for /app/data/b2c/163538/b6952m0/rialto-gstreamer-163538/build_ut.py
2025-08-26 06:44:39,772 - Knowledge - INFO - persist search terms embedding for tests/mocks/MediaPipelineCapabilitiesMock.h
2025-08-26 06:44:39,964 - Knowledge - INFO - done ingest for /app/data/b2c/163538/b6952m0/rialto-gstreamer-163538/tests/mocks/WebAudioPlayerMock.h
2025-08-26 06:44:39,985 - Knowledge - INFO - Found code-base-name: https://github.com/kavia-common/rialto-gstreamer-163538.git:kavia-6.0.0-rc1
2025-08-26 06:44:40,099 - Knowledge - INFO - process ingested knowledge for /app/data/b2c/163538/b6952m0/rialto-gstreamer-163538/tests/mocks/WebAudioPlayerMock.h
2025-08-26 06:44:40,185 - Knowledge - INFO - Found code_base: <app.utils.kg_build.knowledge.KnowledgeCodeBase object at 0x7f107dc5db50>
2025-08-26 06:44:40,482 - Knowledge - INFO - persist ingested knowledge for /app/data/b2c/163538/b6952m0/rialto-gstreamer-163538/build_ut.py
2025-08-26 06:44:40,665 - Knowledge - INFO - done ingest for /app/data/b2c/163538/b6952m0/rialto-gstreamer-163538/source/RialtoGStreamerMSEVideoSink.cpp
2025-08-26 06:44:40,667 - Knowledge - INFO - persist search terms embedding for tests/ut/MediaPlayerClientBackendTests.cpp
2025-08-26 06:44:40,843 - Knowledge - INFO - process ingested knowledge for /app/data/b2c/163538/b6952m0/rialto-gstreamer-163538/source/RialtoGStreamerMSEVideoSink.cpp
2025-08-26 06:44:40,975 - Knowledge - INFO - Found code-base-name: https://github.com/kavia-common/rialto-gstreamer-163538.git:kavia-6.0.0-rc1
2025-08-26 06:44:41,225 - Knowledge - INFO - Found code_base: <app.utils.kg_build.knowledge.KnowledgeCodeBase object at 0x7f107dc5db50>
2025-08-26 06:44:41,311 - Knowledge - INFO - persist ingested knowledge for /app/data/b2c/163538/b6952m0/rialto-gstreamer-163538/tests/mocks/WebAudioPlayerMock.h
2025-08-26 06:44:41,610 - Knowledge - INFO - persist search terms embedding for build_ut.py
2025-08-26 06:44:42,079 - Knowledge - INFO - done ingest for /app/data/b2c/163538/b6952m0/rialto-gstreamer-163538/source/RialtoGStreamerWebAudioSink.cpp
2025-08-26 06:44:42,247 - Knowledge - INFO - process ingested knowledge for /app/data/b2c/163538/b6952m0/rialto-gstreamer-163538/source/RialtoGStreamerWebAudioSink.cpp
2025-08-26 06:44:42,542 - Knowledge - INFO - persist search terms embedding for tests/mocks/WebAudioPlayerMock.h
2025-08-26 06:44:42,681 - Knowledge - INFO - Found code-base-name: https://github.com/kavia-common/rialto-gstreamer-163538.git:kavia-6.0.0-rc1
2025-08-26 06:44:42,814 - Knowledge - INFO - Found code_base: <app.utils.kg_build.knowledge.KnowledgeCodeBase object at 0x7f107dc5db50>
2025-08-26 06:44:42,836 - Knowledge - INFO - Found code-base-name: https://github.com/kavia-common/rialto-gstreamer-163538.git:kavia-6.0.0-rc1
2025-08-26 06:44:42,899 - Knowledge - INFO - persist ingested knowledge for /app/data/b2c/163538/b6952m0/rialto-gstreamer-163538/source/RialtoGStreamerMSEVideoSink.cpp
2025-08-26 06:44:43,003 - Knowledge - INFO - Found code_base: <app.utils.kg_build.knowledge.KnowledgeCodeBase object at 0x7f107dc5db50>
2025-08-26 06:44:43,248 - Knowledge - INFO - persist ingested knowledge for /app/data/b2c/163538/b6952m0/rialto-gstreamer-163538/source/RialtoGStreamerWebAudioSink.cpp
2025-08-26 06:44:43,705 - Knowledge - INFO - done ingest for /app/data/b2c/163538/b6952m0/rialto-gstreamer-163538/source/GStreamerMSEMediaPlayerClient.cpp
2025-08-26 06:44:43,870 - Knowledge - INFO - process ingested knowledge for /app/data/b2c/163538/b6952m0/rialto-gstreamer-163538/source/GStreamerMSEMediaPlayerClient.cpp
2025-08-26 06:44:43,934 - Knowledge - INFO - persist search terms embedding for source/RialtoGStreamerMSEVideoSink.cpp
2025-08-26 06:44:44,119 - Knowledge - INFO - Found code-base-name: https://github.com/kavia-common/rialto-gstreamer-163538.git:kavia-6.0.0-rc1
2025-08-26 06:44:44,190 - Knowledge - INFO - Found code_base: <app.utils.kg_build.knowledge.KnowledgeCodeBase object at 0x7f107dc5db50>
2025-08-26 06:44:44,277 - Knowledge - INFO - persist ingested knowledge for /app/data/b2c/163538/b6952m0/rialto-gstreamer-163538/source/GStreamerMSEMediaPlayerClient.cpp
2025-08-26 06:44:44,913 - Knowledge - INFO - persist search terms embedding for source/GStreamerMSEMediaPlayerClient.cpp
2025-08-26 06:44:46,178 - Knowledge - INFO - persist search terms embedding for source/RialtoGStreamerWebAudioSink.cpp
2025-08-26 06:44:49,539 - Knowledge - INFO - done ingest for /app/data/b2c/163538/b6952m0/rialto-gstreamer-163538/source/GStreamerMSEMediaPlayerClient.h
2025-08-26 06:44:49,775 - Knowledge - INFO - process ingested knowledge for /app/data/b2c/163538/b6952m0/rialto-gstreamer-163538/source/GStreamerMSEMediaPlayerClient.h
2025-08-26 06:44:50,001 - Knowledge - INFO - done ingest for /app/data/b2c/163538/b6952m0/rialto-gstreamer-163538/tests/mocks/MediaPipelineMock.h
2025-08-26 06:44:50,079 - Knowledge - INFO - Found code-base-name: https://github.com/kavia-common/rialto-gstreamer-163538.git:kavia-6.0.0-rc1
2025-08-26 06:44:50,208 - Knowledge - INFO - process ingested knowledge for /app/data/b2c/163538/b6952m0/rialto-gstreamer-163538/tests/mocks/MediaPipelineMock.h
2025-08-26 06:44:50,270 - Knowledge - INFO - Found code_base: <app.utils.kg_build.knowledge.KnowledgeCodeBase object at 0x7f107dc5db50>
2025-08-26 06:44:50,511 - Knowledge - INFO - persist ingested knowledge for /app/data/b2c/163538/b6952m0/rialto-gstreamer-163538/source/GStreamerMSEMediaPlayerClient.h
2025-08-26 06:44:50,785 - Knowledge - INFO - Found code-base-name: https://github.com/kavia-common/rialto-gstreamer-163538.git:kavia-6.0.0-rc1
2025-08-26 06:44:50,925 - Knowledge - INFO - Found code_base: <app.utils.kg_build.knowledge.KnowledgeCodeBase object at 0x7f107dc5db50>
2025-08-26 06:44:51,081 - Knowledge - INFO - persist ingested knowledge for /app/data/b2c/163538/b6952m0/rialto-gstreamer-163538/tests/mocks/MediaPipelineMock.h
2025-08-26 06:44:51,847 - Knowledge - INFO - persist search terms embedding for source/GStreamerMSEMediaPlayerClient.h
2025-08-26 06:44:53,351 - Knowledge - INFO - persist search terms embedding for tests/mocks/MediaPipelineMock.h
2025-08-26 06:45:11,608 - Knowledge - ERROR - _service_ingest_queue had exception  for file /app/data/b2c/163538/b6952m0/rialto-gstreamer-163538/source/RialtoGStreamerMSEBaseSink.cpp
Traceback (most recent call last):
  File "/usr/local/lib/python3.11/asyncio/tasks.py", line 500, in wait_for
    return fut.result()
           ^^^^^^^^^^^^
  File "/app/app/utils/kg_build/knowledge.py", line 1723, in _ingest_file
    response = await llm.llm_interaction_wrapper(
               ^^^^^^^^^^^^^^^^^^^^^^^^^^^^^^^^^^
  File "/usr/local/lib/python3.11/site-packages/llm_wrapper/core/llm_interface.py", line 341, in llm_interaction_wrapper
    completion = await invoke_llm()
                 ^^^^^^^^^^^^^^^^^^
  File "/usr/local/lib/python3.11/site-packages/llm_wrapper/core/llm_interface.py", line 287, in invoke_llm
    return await loop.run_in_executor(None, blocking_call_wrapper)
           ^^^^^^^^^^^^^^^^^^^^^^^^^^^^^^^^^^^^^^^^^^^^^^^^^^^^^^^
asyncio.exceptions.CancelledError

The above exception was the direct cause of the following exception:

Traceback (most recent call last):
  File "/app/app/utils/kg_build/knowledge.py", line 324, in _service_ingest_queue
    file_info = self.loop_worker.run_until_complete(asyncio.wait_for( knowledge._ingest_file(filename, self.mongo_handler), knowledge.timeout))
                ^^^^^^^^^^^^^^^^^^^^^^^^^^^^^^^^^^^^^^^^^^^^^^^^^^^^^^^^^^^^^^^^^^^^^^^^^^^^^^^^^^^^^^^^^^^^^^^^^^^^^^^^^^^^^^^^^^^^^^^^^^^^^^^
  File "/usr/local/lib/python3.11/asyncio/base_events.py", line 654, in run_until_complete
    return future.result()
           ^^^^^^^^^^^^^^^
  File "/usr/local/lib/python3.11/asyncio/tasks.py", line 502, in wait_for
    raise exceptions.TimeoutError() from exc
TimeoutError
2025-08-26 06:45:11,741 - Knowledge - INFO - process ingested knowledge for /app/data/b2c/163538/b6952m0/rialto-gstreamer-163538/source/RialtoGStreamerMSEBaseSink.cpp
2025-08-26 06:45:11,858 - Knowledge - INFO - Found code-base-name: https://github.com/kavia-common/rialto-gstreamer-163538.git:kavia-6.0.0-rc1
2025-08-26 06:45:11,968 - Knowledge - INFO - Found code_base: <app.utils.kg_build.knowledge.KnowledgeCodeBase object at 0x7f107dc5db50>
2025-08-26 06:45:12,058 - Knowledge - INFO - persist ingested knowledge for /app/data/b2c/163538/b6952m0/rialto-gstreamer-163538/source/RialtoGStreamerMSEBaseSink.cpp
2025-08-26 06:45:12,216 - Knowledge - INFO - Knowledge creation complete
2025-08-26 06:45:12,316 - Knowledge - INFO - Updating org costs, total cost: 0.03479719999999999
2025-08-26 06:45:12,887 - Knowledge - INFO - Saving knowledge to Redis...
2025-08-26 06:45:13,011 - Knowledge - INFO - Knowledge saved to Redis successfully
2025-08-26 07:20:16,974 - Knowledge - INFO - Redis support added with prefix knowledge:b6952m0:
2025-08-26 07:20:17,279 - Knowledge - INFO - load persisted knowledge: begin
2025-08-26 07:20:18,198 - Knowledge - INFO - Persisted knowledge files in /app/data/b2c/163538/b6952m0/rialto-gstreamer-163538/.knowledge have been renamed to use .json
2025-08-26 07:20:18,298 - Knowledge - INFO - Found code-base-name: https://github.com/kavia-common/rialto-gstreamer-163538.git:kavia-6.0.0-rc1
2025-08-26 07:20:18,390 - Knowledge - INFO - Found code_base: <app.utils.kg_build.knowledge.KnowledgeCodeBase object at 0x7f3e2e968290>
2025-08-26 07:20:18,474 - Knowledge - INFO - process ingested knowledge for /app/data/b2c/163538/b6952m0/rialto-gstreamer-163538/source/RialtoGStreamerWebAudioSink.h
2025-08-26 07:20:18,603 - Knowledge - INFO - Found code-base-name: https://github.com/kavia-common/rialto-gstreamer-163538.git:kavia-6.0.0-rc1
2025-08-26 07:20:18,722 - Knowledge - INFO - Found code_base: <app.utils.kg_build.knowledge.KnowledgeCodeBase object at 0x7f3e2e968290>
2025-08-26 07:20:18,829 - Knowledge - INFO - process ingested knowledge for /app/data/b2c/163538/b6952m0/rialto-gstreamer-163538/source/RialtoGStreamerMSEBaseSinkCallbacks.h
2025-08-26 07:20:18,928 - Knowledge - INFO - Found code-base-name: https://github.com/kavia-common/rialto-gstreamer-163538.git:kavia-6.0.0-rc1
2025-08-26 07:20:19,003 - Knowledge - INFO - Found code_base: <app.utils.kg_build.knowledge.KnowledgeCodeBase object at 0x7f3e2e968290>
2025-08-26 07:20:19,091 - Knowledge - INFO - process ingested knowledge for /app/data/b2c/163538/b6952m0/rialto-gstreamer-163538/tests/ut/GStreamerEmeUtilsTests.cpp
2025-08-26 07:20:19,210 - Knowledge - INFO - Found code-base-name: https://github.com/kavia-common/rialto-gstreamer-163538.git:kavia-6.0.0-rc1
2025-08-26 07:20:19,327 - Knowledge - INFO - Found code_base: <app.utils.kg_build.knowledge.KnowledgeCodeBase object at 0x7f3e2e968290>
2025-08-26 07:20:19,428 - Knowledge - INFO - process ingested knowledge for /app/data/b2c/163538/b6952m0/rialto-gstreamer-163538/source/MessageQueue.h
2025-08-26 07:20:19,525 - Knowledge - INFO - Found code-base-name: https://github.com/kavia-common/rialto-gstreamer-163538.git:kavia-6.0.0-rc1
2025-08-26 07:20:19,620 - Knowledge - INFO - Found code_base: <app.utils.kg_build.knowledge.KnowledgeCodeBase object at 0x7f3e2e968290>
2025-08-26 07:20:19,698 - Knowledge - INFO - process ingested knowledge for /app/data/b2c/163538/b6952m0/rialto-gstreamer-163538/source/ControlBackendInterface.h
2025-08-26 07:20:19,804 - Knowledge - INFO - Found code-base-name: https://github.com/kavia-common/rialto-gstreamer-163538.git:kavia-6.0.0-rc1
2025-08-26 07:20:19,890 - Knowledge - INFO - Found code_base: <app.utils.kg_build.knowledge.KnowledgeCodeBase object at 0x7f3e2e968290>
2025-08-26 07:20:19,967 - Knowledge - INFO - process ingested knowledge for /app/data/b2c/163538/b6952m0/rialto-gstreamer-163538/source/RialtoGStreamerMSEBaseSink.h
2025-08-26 07:20:20,091 - Knowledge - INFO - Found code-base-name: https://github.com/kavia-common/rialto-gstreamer-163538.git:kavia-6.0.0-rc1
2025-08-26 07:20:20,213 - Knowledge - INFO - Found code_base: <app.utils.kg_build.knowledge.KnowledgeCodeBase object at 0x7f3e2e968290>
2025-08-26 07:20:20,340 - Knowledge - INFO - process ingested knowledge for /app/data/b2c/163538/b6952m0/rialto-gstreamer-163538/tests/third-party/source/MediaPipelineFactory.cpp
2025-08-26 07:20:20,447 - Knowledge - INFO - Found code-base-name: https://github.com/kavia-common/rialto-gstreamer-163538.git:kavia-6.0.0-rc1
2025-08-26 07:20:20,523 - Knowledge - INFO - Found code_base: <app.utils.kg_build.knowledge.KnowledgeCodeBase object at 0x7f3e2e968290>
2025-08-26 07:20:20,657 - Knowledge - INFO - process ingested knowledge for /app/data/b2c/163538/b6952m0/rialto-gstreamer-163538/tests/ut/CMakeLists.txt
2025-08-26 07:20:20,796 - Knowledge - INFO - Found code-base-name: https://github.com/kavia-common/rialto-gstreamer-163538.git:kavia-6.0.0-rc1
2025-08-26 07:20:20,886 - Knowledge - INFO - Found code_base: <app.utils.kg_build.knowledge.KnowledgeCodeBase object at 0x7f3e2e968290>
2025-08-26 07:20:20,984 - Knowledge - INFO - process ingested knowledge for /app/data/b2c/163538/b6952m0/rialto-gstreamer-163538/source/BufferParser.cpp
2025-08-26 07:20:21,122 - Knowledge - INFO - Found code-base-name: https://github.com/kavia-common/rialto-gstreamer-163538.git:kavia-6.0.0-rc1
2025-08-26 07:20:21,243 - Knowledge - INFO - Found code_base: <app.utils.kg_build.knowledge.KnowledgeCodeBase object at 0x7f3e2e968290>
2025-08-26 07:20:21,355 - Knowledge - INFO - process ingested knowledge for /app/data/b2c/163538/b6952m0/rialto-gstreamer-163538/source/GStreamerEMEUtils.h
2025-08-26 07:20:21,459 - Knowledge - INFO - Found code-base-name: https://github.com/kavia-common/rialto-gstreamer-163538.git:kavia-6.0.0-rc1
2025-08-26 07:20:21,552 - Knowledge - INFO - Found code_base: <app.utils.kg_build.knowledge.KnowledgeCodeBase object at 0x7f3e2e968290>
2025-08-26 07:20:21,633 - Knowledge - INFO - process ingested knowledge for /app/data/b2c/163538/b6952m0/rialto-gstreamer-163538/tests/mocks/MediaPipelineMock.h
2025-08-26 07:20:21,721 - Knowledge - INFO - Found code-base-name: https://github.com/kavia-common/rialto-gstreamer-163538.git:kavia-6.0.0-rc1
2025-08-26 07:20:21,818 - Knowledge - INFO - Found code_base: <app.utils.kg_build.knowledge.KnowledgeCodeBase object at 0x7f3e2e968290>
2025-08-26 07:20:21,923 - Knowledge - INFO - process ingested knowledge for /app/data/b2c/163538/b6952m0/rialto-gstreamer-163538/tests/mocks/CMakeLists.txt
2025-08-26 07:20:22,059 - Knowledge - INFO - Found code-base-name: https://github.com/kavia-common/rialto-gstreamer-163538.git:kavia-6.0.0-rc1
2025-08-26 07:20:22,170 - Knowledge - INFO - Found code_base: <app.utils.kg_build.knowledge.KnowledgeCodeBase object at 0x7f3e2e968290>
2025-08-26 07:20:22,254 - Knowledge - INFO - process ingested knowledge for /app/data/b2c/163538/b6952m0/rialto-gstreamer-163538/source/GStreamerWebAudioPlayerClient.h
2025-08-26 07:20:22,345 - Knowledge - INFO - Found code-base-name: https://github.com/kavia-common/rialto-gstreamer-163538.git:kavia-6.0.0-rc1
2025-08-26 07:20:22,472 - Knowledge - INFO - Found code_base: <app.utils.kg_build.knowledge.KnowledgeCodeBase object at 0x7f3e2e968290>
2025-08-26 07:20:22,581 - Knowledge - INFO - process ingested knowledge for /app/data/b2c/163538/b6952m0/rialto-gstreamer-163538/source/GStreamerMSEMediaPlayerClient.cpp
2025-08-26 07:20:22,685 - Knowledge - INFO - Found code-base-name: https://github.com/kavia-common/rialto-gstreamer-163538.git:kavia-6.0.0-rc1
2025-08-26 07:20:22,781 - Knowledge - INFO - Found code_base: <app.utils.kg_build.knowledge.KnowledgeCodeBase object at 0x7f3e2e968290>
2025-08-26 07:20:22,867 - Knowledge - INFO - process ingested knowledge for /app/data/b2c/163538/b6952m0/rialto-gstreamer-163538/source/GStreamerUtils.cpp
2025-08-26 07:20:22,964 - Knowledge - INFO - Found code-base-name: https://github.com/kavia-common/rialto-gstreamer-163538.git:kavia-6.0.0-rc1
2025-08-26 07:20:23,056 - Knowledge - INFO - Found code_base: <app.utils.kg_build.knowledge.KnowledgeCodeBase object at 0x7f3e2e968290>
2025-08-26 07:20:23,154 - Knowledge - INFO - process ingested knowledge for /app/data/b2c/163538/b6952m0/rialto-gstreamer-163538/source/RialtoGStreamerMSEVideoSink.h
2025-08-26 07:20:23,255 - Knowledge - INFO - Found code-base-name: https://github.com/kavia-common/rialto-gstreamer-163538.git:kavia-6.0.0-rc1
2025-08-26 07:20:23,378 - Knowledge - INFO - Found code_base: <app.utils.kg_build.knowledge.KnowledgeCodeBase object at 0x7f3e2e968290>
2025-08-26 07:20:23,474 - Knowledge - INFO - process ingested knowledge for /app/data/b2c/163538/b6952m0/rialto-gstreamer-163538/cmake/googletest.cmake
2025-08-26 07:20:23,586 - Knowledge - INFO - Found code-base-name: https://github.com/kavia-common/rialto-gstreamer-163538.git:kavia-6.0.0-rc1
2025-08-26 07:20:23,709 - Knowledge - INFO - Found code_base: <app.utils.kg_build.knowledge.KnowledgeCodeBase object at 0x7f3e2e968290>
2025-08-26 07:20:23,799 - Knowledge - INFO - process ingested knowledge for /app/data/b2c/163538/b6952m0/rialto-gstreamer-163538/source/RialtoGStreamerMSEAudioSink.cpp
2025-08-26 07:20:23,890 - Knowledge - INFO - Found code-base-name: https://github.com/kavia-common/rialto-gstreamer-163538.git:kavia-6.0.0-rc1
2025-08-26 07:20:23,983 - Knowledge - INFO - Found code_base: <app.utils.kg_build.knowledge.KnowledgeCodeBase object at 0x7f3e2e968290>
2025-08-26 07:20:24,110 - Knowledge - INFO - process ingested knowledge for /app/data/b2c/163538/b6952m0/rialto-gstreamer-163538/tests/ut/MediaPlayerClientBackendTests.cpp
2025-08-26 07:20:24,223 - Knowledge - INFO - Found code-base-name: https://github.com/kavia-common/rialto-gstreamer-163538.git:kavia-6.0.0-rc1
2025-08-26 07:20:24,310 - Knowledge - INFO - Found code_base: <app.utils.kg_build.knowledge.KnowledgeCodeBase object at 0x7f3e2e968290>
2025-08-26 07:20:24,396 - Knowledge - INFO - process ingested knowledge for /app/data/b2c/163538/b6952m0/rialto-gstreamer-163538/source/Timer.cpp
2025-08-26 07:20:24,526 - Knowledge - INFO - Found code-base-name: https://github.com/kavia-common/rialto-gstreamer-163538.git:kavia-6.0.0-rc1
2025-08-26 07:20:24,615 - Knowledge - INFO - Found code_base: <app.utils.kg_build.knowledge.KnowledgeCodeBase object at 0x7f3e2e968290>
2025-08-26 07:20:24,736 - Knowledge - INFO - process ingested knowledge for /app/data/b2c/163538/b6952m0/rialto-gstreamer-163538/tests/third-party/source/MediaPipelineCapabilitiesFactory.cpp
2025-08-26 07:20:24,839 - Knowledge - INFO - Found code-base-name: https://github.com/kavia-common/rialto-gstreamer-163538.git:kavia-6.0.0-rc1
2025-08-26 07:20:24,929 - Knowledge - INFO - Found code_base: <app.utils.kg_build.knowledge.KnowledgeCodeBase object at 0x7f3e2e968290>
2025-08-26 07:20:25,018 - Knowledge - INFO - process ingested knowledge for /app/data/b2c/163538/b6952m0/rialto-gstreamer-163538/source/MediaPlayerClientBackend.h
2025-08-26 07:20:25,114 - Knowledge - INFO - Found code-base-name: https://github.com/kavia-common/rialto-gstreamer-163538.git:kavia-6.0.0-rc1
2025-08-26 07:20:25,202 - Knowledge - INFO - Found code_base: <app.utils.kg_build.knowledge.KnowledgeCodeBase object at 0x7f3e2e968290>
2025-08-26 07:20:25,282 - Knowledge - INFO - process ingested knowledge for /app/data/b2c/163538/b6952m0/rialto-gstreamer-163538/TERMS.md
2025-08-26 07:20:25,391 - Knowledge - INFO - Found code-base-name: https://github.com/kavia-common/rialto-gstreamer-163538.git:kavia-6.0.0-rc1
2025-08-26 07:20:25,473 - Knowledge - INFO - Found code_base: <app.utils.kg_build.knowledge.KnowledgeCodeBase object at 0x7f3e2e968290>
2025-08-26 07:20:25,568 - Knowledge - INFO - process ingested knowledge for /app/data/b2c/163538/b6952m0/rialto-gstreamer-163538/scripts/valgrind/process_valgrind_results.py
2025-08-26 07:20:25,681 - Knowledge - INFO - Found code-base-name: https://github.com/kavia-common/rialto-gstreamer-163538.git:kavia-6.0.0-rc1
2025-08-26 07:20:25,773 - Knowledge - INFO - Found code_base: <app.utils.kg_build.knowledge.KnowledgeCodeBase object at 0x7f3e2e968290>
2025-08-26 07:20:25,855 - Knowledge - INFO - process ingested knowledge for /app/data/b2c/163538/b6952m0/rialto-gstreamer-163538/tests/mocks/WebAudioPlayerClientMock.h
2025-08-26 07:20:25,951 - Knowledge - INFO - Found code-base-name: https://github.com/kavia-common/rialto-gstreamer-163538.git:kavia-6.0.0-rc1
2025-08-26 07:20:26,066 - Knowledge - INFO - Found code_base: <app.utils.kg_build.knowledge.KnowledgeCodeBase object at 0x7f3e2e968290>
2025-08-26 07:20:26,166 - Knowledge - INFO - process ingested knowledge for /app/data/b2c/163538/b6952m0/rialto-gstreamer-163538/source/GStreamerMSEUtils.h
2025-08-26 07:20:26,255 - Knowledge - INFO - Found code-base-name: https://github.com/kavia-common/rialto-gstreamer-163538.git:kavia-6.0.0-rc1
2025-08-26 07:20:26,375 - Knowledge - INFO - Found code_base: <app.utils.kg_build.knowledge.KnowledgeCodeBase object at 0x7f3e2e968290>
2025-08-26 07:20:26,469 - Knowledge - INFO - process ingested knowledge for /app/data/b2c/163538/b6952m0/rialto-gstreamer-163538/CMakeLists.txt
2025-08-26 07:20:26,566 - Knowledge - INFO - Found code-base-name: https://github.com/kavia-common/rialto-gstreamer-163538.git:kavia-6.0.0-rc1
2025-08-26 07:20:26,659 - Knowledge - INFO - Found code_base: <app.utils.kg_build.knowledge.KnowledgeCodeBase object at 0x7f3e2e968290>
2025-08-26 07:20:26,754 - Knowledge - INFO - process ingested knowledge for /app/data/b2c/163538/b6952m0/rialto-gstreamer-163538/source/WebAudioClientBackendInterface.h
2025-08-26 07:20:26,875 - Knowledge - INFO - Found code-base-name: https://github.com/kavia-common/rialto-gstreamer-163538.git:kavia-6.0.0-rc1
2025-08-26 07:20:26,990 - Knowledge - INFO - Found code_base: <app.utils.kg_build.knowledge.KnowledgeCodeBase object at 0x7f3e2e968290>
2025-08-26 07:20:27,087 - Knowledge - INFO - process ingested knowledge for /app/data/b2c/163538/b6952m0/rialto-gstreamer-163538/tests/mocks/MediaPipelineCapabilitiesMock.h
2025-08-26 07:20:27,196 - Knowledge - INFO - Found code-base-name: https://github.com/kavia-common/rialto-gstreamer-163538.git:kavia-6.0.0-rc1
2025-08-26 07:20:27,298 - Knowledge - INFO - Found code_base: <app.utils.kg_build.knowledge.KnowledgeCodeBase object at 0x7f3e2e968290>
2025-08-26 07:20:27,404 - Knowledge - INFO - process ingested knowledge for /app/data/b2c/163538/b6952m0/rialto-gstreamer-163538/source/CMakeLists.txt
2025-08-26 07:20:27,506 - Knowledge - INFO - Found code-base-name: https://github.com/kavia-common/rialto-gstreamer-163538.git:kavia-6.0.0-rc1
2025-08-26 07:20:27,616 - Knowledge - INFO - Found code_base: <app.utils.kg_build.knowledge.KnowledgeCodeBase object at 0x7f3e2e968290>
2025-08-26 07:20:27,711 - Knowledge - INFO - process ingested knowledge for /app/data/b2c/163538/b6952m0/rialto-gstreamer-163538/source/MediaPlayerManager.h
2025-08-26 07:20:27,822 - Knowledge - INFO - Found code-base-name: https://github.com/kavia-common/rialto-gstreamer-163538.git:kavia-6.0.0-rc1
2025-08-26 07:20:27,931 - Knowledge - INFO - Found code_base: <app.utils.kg_build.knowledge.KnowledgeCodeBase object at 0x7f3e2e968290>
2025-08-26 07:20:28,052 - Knowledge - INFO - process ingested knowledge for /app/data/b2c/163538/b6952m0/rialto-gstreamer-163538/cmake/FindocdmRialto.cmake
2025-08-26 07:20:28,151 - Knowledge - INFO - Found code-base-name: https://github.com/kavia-common/rialto-gstreamer-163538.git:kavia-6.0.0-rc1
2025-08-26 07:20:28,237 - Knowledge - INFO - Found code_base: <app.utils.kg_build.knowledge.KnowledgeCodeBase object at 0x7f3e2e968290>
2025-08-26 07:20:28,333 - Knowledge - INFO - process ingested knowledge for /app/data/b2c/163538/b6952m0/rialto-gstreamer-163538/source/GStreamerUtils.h
2025-08-26 07:20:28,464 - Knowledge - INFO - Found code-base-name: https://github.com/kavia-common/rialto-gstreamer-163538.git:kavia-6.0.0-rc1
2025-08-26 07:20:28,552 - Knowledge - INFO - Found code_base: <app.utils.kg_build.knowledge.KnowledgeCodeBase object at 0x7f3e2e968290>
2025-08-26 07:20:28,636 - Knowledge - INFO - process ingested knowledge for /app/data/b2c/163538/b6952m0/rialto-gstreamer-163538/source/GStreamerMSEMediaPlayerClient.h
2025-08-26 07:20:28,734 - Knowledge - INFO - Found code-base-name: https://github.com/kavia-common/rialto-gstreamer-163538.git:kavia-6.0.0-rc1
2025-08-26 07:20:28,833 - Knowledge - INFO - Found code_base: <app.utils.kg_build.knowledge.KnowledgeCodeBase object at 0x7f3e2e968290>
2025-08-26 07:20:28,909 - Knowledge - INFO - process ingested knowledge for /app/data/b2c/163538/b6952m0/rialto-gstreamer-163538/source/GStreamerMSEUtils.cpp
2025-08-26 07:20:29,009 - Knowledge - INFO - Found code-base-name: https://github.com/kavia-common/rialto-gstreamer-163538.git:kavia-6.0.0-rc1
2025-08-26 07:20:29,109 - Knowledge - INFO - Found code_base: <app.utils.kg_build.knowledge.KnowledgeCodeBase object at 0x7f3e2e968290>
2025-08-26 07:20:29,204 - Knowledge - INFO - process ingested knowledge for /app/data/b2c/163538/b6952m0/rialto-gstreamer-163538/source/MediaPlayerManager.cpp
2025-08-26 07:20:29,337 - Knowledge - INFO - Found code-base-name: https://github.com/kavia-common/rialto-gstreamer-163538.git:kavia-6.0.0-rc1
2025-08-26 07:20:29,426 - Knowledge - INFO - Found code_base: <app.utils.kg_build.knowledge.KnowledgeCodeBase object at 0x7f3e2e968290>
2025-08-26 07:20:29,512 - Knowledge - INFO - process ingested knowledge for /app/data/b2c/163538/b6952m0/rialto-gstreamer-163538/tests/ut/GStreamerUtilsTests.cpp
2025-08-26 07:20:29,632 - Knowledge - INFO - Found code-base-name: https://github.com/kavia-common/rialto-gstreamer-163538.git:kavia-6.0.0-rc1
2025-08-26 07:20:29,738 - Knowledge - INFO - Found code_base: <app.utils.kg_build.knowledge.KnowledgeCodeBase object at 0x7f3e2e968290>
2025-08-26 07:20:29,876 - Knowledge - INFO - process ingested knowledge for /app/data/b2c/163538/b6952m0/rialto-gstreamer-163538/tests/ut/WebAudioClientBackendTests.cpp
2025-08-26 07:20:29,972 - Knowledge - INFO - Found code-base-name: https://github.com/kavia-common/rialto-gstreamer-163538.git:kavia-6.0.0-rc1
2025-08-26 07:20:30,056 - Knowledge - INFO - Found code_base: <app.utils.kg_build.knowledge.KnowledgeCodeBase object at 0x7f3e2e968290>
2025-08-26 07:20:30,159 - Knowledge - INFO - process ingested knowledge for /app/data/b2c/163538/b6952m0/rialto-gstreamer-163538/tests/ut/BufferParserTests.cpp
2025-08-26 07:20:30,264 - Knowledge - INFO - Found code-base-name: https://github.com/kavia-common/rialto-gstreamer-163538.git:kavia-6.0.0-rc1
2025-08-26 07:20:30,396 - Knowledge - INFO - Found code_base: <app.utils.kg_build.knowledge.KnowledgeCodeBase object at 0x7f3e2e968290>
2025-08-26 07:20:30,478 - Knowledge - INFO - process ingested knowledge for /app/data/b2c/163538/b6952m0/rialto-gstreamer-163538/README.md
2025-08-26 07:20:30,614 - Knowledge - INFO - Found code-base-name: https://github.com/kavia-common/rialto-gstreamer-163538.git:kavia-6.0.0-rc1
2025-08-26 07:20:30,730 - Knowledge - INFO - Found code_base: <app.utils.kg_build.knowledge.KnowledgeCodeBase object at 0x7f3e2e968290>
2025-08-26 07:20:30,809 - Knowledge - INFO - process ingested knowledge for /app/data/b2c/163538/b6952m0/rialto-gstreamer-163538/source/WebAudioClientBackend.h
2025-08-26 07:20:30,944 - Knowledge - INFO - Found code-base-name: https://github.com/kavia-common/rialto-gstreamer-163538.git:kavia-6.0.0-rc1
2025-08-26 07:20:31,043 - Knowledge - INFO - Found code_base: <app.utils.kg_build.knowledge.KnowledgeCodeBase object at 0x7f3e2e968290>
2025-08-26 07:20:31,136 - Knowledge - INFO - process ingested knowledge for /app/data/b2c/163538/b6952m0/rialto-gstreamer-163538/source/BufferParser.h
2025-08-26 07:20:31,221 - Knowledge - INFO - Found code-base-name: https://github.com/kavia-common/rialto-gstreamer-163538.git:kavia-6.0.0-rc1
2025-08-26 07:20:31,305 - Knowledge - INFO - Found code_base: <app.utils.kg_build.knowledge.KnowledgeCodeBase object at 0x7f3e2e968290>
2025-08-26 07:20:31,418 - Knowledge - INFO - process ingested knowledge for /app/data/b2c/163538/b6952m0/rialto-gstreamer-163538/scripts/clang-format/process_clang-format_errors.py
2025-08-26 07:20:31,538 - Knowledge - INFO - Found code-base-name: https://github.com/kavia-common/rialto-gstreamer-163538.git:kavia-6.0.0-rc1
2025-08-26 07:20:31,668 - Knowledge - INFO - Found code_base: <app.utils.kg_build.knowledge.KnowledgeCodeBase object at 0x7f3e2e968290>
2025-08-26 07:20:31,796 - Knowledge - INFO - process ingested knowledge for /app/data/b2c/163538/b6952m0/rialto-gstreamer-163538/cppcheck_suppressions.xml
2025-08-26 07:20:31,895 - Knowledge - INFO - Found code-base-name: https://github.com/kavia-common/rialto-gstreamer-163538.git:kavia-6.0.0-rc1
2025-08-26 07:20:31,974 - Knowledge - INFO - Found code_base: <app.utils.kg_build.knowledge.KnowledgeCodeBase object at 0x7f3e2e968290>
2025-08-26 07:20:32,057 - Knowledge - INFO - process ingested knowledge for /app/data/b2c/163538/b6952m0/rialto-gstreamer-163538/tests/mocks/MediaPipelineClientMock.h
2025-08-26 07:20:32,159 - Knowledge - INFO - Found code-base-name: https://github.com/kavia-common/rialto-gstreamer-163538.git:kavia-6.0.0-rc1
2025-08-26 07:20:32,262 - Knowledge - INFO - Found code_base: <app.utils.kg_build.knowledge.KnowledgeCodeBase object at 0x7f3e2e968290>
2025-08-26 07:20:32,352 - Knowledge - INFO - process ingested knowledge for /app/data/b2c/163538/b6952m0/rialto-gstreamer-163538/source/RialtoGSteamerPlugin.cpp
2025-08-26 07:20:32,468 - Knowledge - INFO - Found code-base-name: https://github.com/kavia-common/rialto-gstreamer-163538.git:kavia-6.0.0-rc1
2025-08-26 07:20:32,552 - Knowledge - INFO - Found code_base: <app.utils.kg_build.knowledge.KnowledgeCodeBase object at 0x7f3e2e968290>
2025-08-26 07:20:32,640 - Knowledge - INFO - process ingested knowledge for /app/data/b2c/163538/b6952m0/rialto-gstreamer-163538/tests/third-party/source/ControlFactory.cpp
2025-08-26 07:20:32,755 - Knowledge - INFO - Found code-base-name: https://github.com/kavia-common/rialto-gstreamer-163538.git:kavia-6.0.0-rc1
2025-08-26 07:20:32,845 - Knowledge - INFO - Found code_base: <app.utils.kg_build.knowledge.KnowledgeCodeBase object at 0x7f3e2e968290>
2025-08-26 07:20:32,957 - Knowledge - INFO - process ingested knowledge for /app/data/b2c/163538/b6952m0/rialto-gstreamer-163538/source/GStreamerEMEUtils.cpp
2025-08-26 07:20:33,050 - Knowledge - INFO - Found code-base-name: https://github.com/kavia-common/rialto-gstreamer-163538.git:kavia-6.0.0-rc1
2025-08-26 07:20:33,128 - Knowledge - INFO - Found code_base: <app.utils.kg_build.knowledge.KnowledgeCodeBase object at 0x7f3e2e968290>
2025-08-26 07:20:33,228 - Knowledge - INFO - process ingested knowledge for /app/data/b2c/163538/b6952m0/rialto-gstreamer-163538/docs/index.html
2025-08-26 07:20:33,335 - Knowledge - INFO - Found code-base-name: https://github.com/kavia-common/rialto-gstreamer-163538.git:kavia-6.0.0-rc1
2025-08-26 07:20:33,457 - Knowledge - INFO - Found code_base: <app.utils.kg_build.knowledge.KnowledgeCodeBase object at 0x7f3e2e968290>
2025-08-26 07:20:33,547 - Knowledge - INFO - process ingested knowledge for /app/data/b2c/163538/b6952m0/rialto-gstreamer-163538/source/RialtoGStreamerMSEBaseSink.cpp
2025-08-26 07:20:33,656 - Knowledge - INFO - Found code-base-name: https://github.com/kavia-common/rialto-gstreamer-163538.git:kavia-6.0.0-rc1
2025-08-26 07:20:33,745 - Knowledge - INFO - Found code_base: <app.utils.kg_build.knowledge.KnowledgeCodeBase object at 0x7f3e2e968290>
2025-08-26 07:20:33,827 - Knowledge - INFO - process ingested knowledge for /app/data/b2c/163538/b6952m0/rialto-gstreamer-163538/source/RialtoGStreamerMSEBaseSinkPrivate.h
2025-08-26 07:20:33,921 - Knowledge - INFO - Found code-base-name: https://github.com/kavia-common/rialto-gstreamer-163538.git:kavia-6.0.0-rc1
2025-08-26 07:20:34,034 - Knowledge - INFO - Found code_base: <app.utils.kg_build.knowledge.KnowledgeCodeBase object at 0x7f3e2e968290>
2025-08-26 07:20:34,141 - Knowledge - INFO - process ingested knowledge for /app/data/b2c/163538/b6952m0/rialto-gstreamer-163538/cmake/FindRialto.cmake
2025-08-26 07:20:34,250 - Knowledge - INFO - Found code-base-name: https://github.com/kavia-common/rialto-gstreamer-163538.git:kavia-6.0.0-rc1
2025-08-26 07:20:34,336 - Knowledge - INFO - Found code_base: <app.utils.kg_build.knowledge.KnowledgeCodeBase object at 0x7f3e2e968290>
2025-08-26 07:20:34,457 - Knowledge - INFO - process ingested knowledge for /app/data/b2c/163538/b6952m0/rialto-gstreamer-163538/tests/mocks/WebAudioPlayerMock.h
2025-08-26 07:20:34,562 - Knowledge - INFO - Found code-base-name: https://github.com/kavia-common/rialto-gstreamer-163538.git:kavia-6.0.0-rc1
2025-08-26 07:20:34,649 - Knowledge - INFO - Found code_base: <app.utils.kg_build.knowledge.KnowledgeCodeBase object at 0x7f3e2e968290>
2025-08-26 07:20:34,758 - Knowledge - INFO - process ingested knowledge for /app/data/b2c/163538/b6952m0/rialto-gstreamer-163538/source/RialtoGStreamerWebAudioSink.cpp
2025-08-26 07:20:34,862 - Knowledge - INFO - Found code-base-name: https://github.com/kavia-common/rialto-gstreamer-163538.git:kavia-6.0.0-rc1
2025-08-26 07:20:34,989 - Knowledge - INFO - Found code_base: <app.utils.kg_build.knowledge.KnowledgeCodeBase object at 0x7f3e2e968290>
2025-08-26 07:20:35,087 - Knowledge - INFO - process ingested knowledge for /app/data/b2c/163538/b6952m0/rialto-gstreamer-163538/source/MediaPlayerClientBackendInterface.h
2025-08-26 07:20:35,202 - Knowledge - INFO - Found code-base-name: https://github.com/kavia-common/rialto-gstreamer-163538.git:kavia-6.0.0-rc1
2025-08-26 07:20:35,281 - Knowledge - INFO - Found code_base: <app.utils.kg_build.knowledge.KnowledgeCodeBase object at 0x7f3e2e968290>
2025-08-26 07:20:35,388 - Knowledge - INFO - process ingested knowledge for /app/data/b2c/163538/b6952m0/rialto-gstreamer-163538/CHANGELOG.md
2025-08-26 07:20:35,480 - Knowledge - INFO - Found code-base-name: https://github.com/kavia-common/rialto-gstreamer-163538.git:kavia-6.0.0-rc1
2025-08-26 07:20:35,559 - Knowledge - INFO - Found code_base: <app.utils.kg_build.knowledge.KnowledgeCodeBase object at 0x7f3e2e968290>
2025-08-26 07:20:35,649 - Knowledge - INFO - process ingested knowledge for /app/data/b2c/163538/b6952m0/rialto-gstreamer-163538/tests/ut/ControlBackendTests.cpp
2025-08-26 07:20:35,735 - Knowledge - INFO - Found code-base-name: https://github.com/kavia-common/rialto-gstreamer-163538.git:kavia-6.0.0-rc1
2025-08-26 07:20:35,817 - Knowledge - INFO - Found code_base: <app.utils.kg_build.knowledge.KnowledgeCodeBase object at 0x7f3e2e968290>
2025-08-26 07:20:35,907 - Knowledge - INFO - process ingested knowledge for /app/data/b2c/163538/b6952m0/rialto-gstreamer-163538/CONTRIBUTING.md
2025-08-26 07:20:36,021 - Knowledge - INFO - Found code-base-name: https://github.com/kavia-common/rialto-gstreamer-163538.git:kavia-6.0.0-rc1
2025-08-26 07:20:36,127 - Knowledge - INFO - Found code_base: <app.utils.kg_build.knowledge.KnowledgeCodeBase object at 0x7f3e2e968290>
2025-08-26 07:20:36,209 - Knowledge - INFO - process ingested knowledge for /app/data/b2c/163538/b6952m0/rialto-gstreamer-163538/source/RialtoGStreamerMSEAudioSink.h
2025-08-26 07:20:36,339 - Knowledge - INFO - Found code-base-name: https://github.com/kavia-common/rialto-gstreamer-163538.git:kavia-6.0.0-rc1
2025-08-26 07:20:36,425 - Knowledge - INFO - Found code_base: <app.utils.kg_build.knowledge.KnowledgeCodeBase object at 0x7f3e2e968290>
2025-08-26 07:20:36,551 - Knowledge - INFO - process ingested knowledge for /app/data/b2c/163538/b6952m0/rialto-gstreamer-163538/source/Timer.h
2025-08-26 07:20:36,682 - Knowledge - INFO - Found code-base-name: https://github.com/kavia-common/rialto-gstreamer-163538.git:kavia-6.0.0-rc1
2025-08-26 07:20:36,763 - Knowledge - INFO - Found code_base: <app.utils.kg_build.knowledge.KnowledgeCodeBase object at 0x7f3e2e968290>
2025-08-26 07:20:36,874 - Knowledge - INFO - process ingested knowledge for /app/data/b2c/163538/b6952m0/rialto-gstreamer-163538/tests/third-party/CMakeLists.txt
2025-08-26 07:20:36,982 - Knowledge - INFO - Found code-base-name: https://github.com/kavia-common/rialto-gstreamer-163538.git:kavia-6.0.0-rc1
2025-08-26 07:20:37,115 - Knowledge - INFO - Found code_base: <app.utils.kg_build.knowledge.KnowledgeCodeBase object at 0x7f3e2e968290>
2025-08-26 07:20:37,207 - Knowledge - INFO - process ingested knowledge for /app/data/b2c/163538/b6952m0/rialto-gstreamer-163538/source/GStreamerWebAudioPlayerClient.cpp
2025-08-26 07:20:37,332 - Knowledge - INFO - Found code-base-name: https://github.com/kavia-common/rialto-gstreamer-163538.git:kavia-6.0.0-rc1
2025-08-26 07:20:37,421 - Knowledge - INFO - Found code_base: <app.utils.kg_build.knowledge.KnowledgeCodeBase object at 0x7f3e2e968290>
2025-08-26 07:20:37,548 - Knowledge - INFO - process ingested knowledge for /app/data/b2c/163538/b6952m0/rialto-gstreamer-163538/source/RialtoGStreamerMSEVideoSink.cpp
2025-08-26 07:20:37,692 - Knowledge - INFO - Found code-base-name: https://github.com/kavia-common/rialto-gstreamer-163538.git:kavia-6.0.0-rc1
2025-08-26 07:20:37,766 - Knowledge - INFO - Found code_base: <app.utils.kg_build.knowledge.KnowledgeCodeBase object at 0x7f3e2e968290>
2025-08-26 07:20:37,895 - Knowledge - INFO - process ingested knowledge for /app/data/b2c/163538/b6952m0/rialto-gstreamer-163538/source/RialtoGStreamerMSEVideoSinkPrivate.h
2025-08-26 07:20:37,992 - Knowledge - INFO - Found code-base-name: https://github.com/kavia-common/rialto-gstreamer-163538.git:kavia-6.0.0-rc1
2025-08-26 07:20:38,113 - Knowledge - INFO - Found code_base: <app.utils.kg_build.knowledge.KnowledgeCodeBase object at 0x7f3e2e968290>
2025-08-26 07:20:38,251 - Knowledge - INFO - process ingested knowledge for /app/data/b2c/163538/b6952m0/rialto-gstreamer-163538/source/ControlBackend.h
2025-08-26 07:20:38,340 - Knowledge - INFO - Found code-base-name: https://github.com/kavia-common/rialto-gstreamer-163538.git:kavia-6.0.0-rc1
2025-08-26 07:20:38,428 - Knowledge - INFO - Found code_base: <app.utils.kg_build.knowledge.KnowledgeCodeBase object at 0x7f3e2e968290>
2025-08-26 07:20:38,526 - Knowledge - INFO - process ingested knowledge for /app/data/b2c/163538/b6952m0/rialto-gstreamer-163538/tests/mocks/ControlMock.h
2025-08-26 07:20:38,660 - Knowledge - INFO - Found code-base-name: https://github.com/kavia-common/rialto-gstreamer-163538.git:kavia-6.0.0-rc1
2025-08-26 07:20:38,742 - Knowledge - INFO - Found code_base: <app.utils.kg_build.knowledge.KnowledgeCodeBase object at 0x7f3e2e968290>
2025-08-26 07:20:38,842 - Knowledge - INFO - process ingested knowledge for /app/data/b2c/163538/b6952m0/rialto-gstreamer-163538/tests/third-party/source/WebAudioPlayerFactory.cpp
2025-08-26 07:20:38,937 - Knowledge - INFO - Found code-base-name: https://github.com/kavia-common/rialto-gstreamer-163538.git:kavia-6.0.0-rc1
2025-08-26 07:20:39,049 - Knowledge - INFO - Found code_base: <app.utils.kg_build.knowledge.KnowledgeCodeBase object at 0x7f3e2e968290>
2025-08-26 07:20:39,140 - Knowledge - INFO - process ingested knowledge for /app/data/b2c/163538/b6952m0/rialto-gstreamer-163538/build_ut.py
2025-08-26 07:20:39,266 - Knowledge - INFO - load persisted knowledge: end
2025-08-26 07:20:39,363 - Knowledge - INFO - load persisted docinfo: begin
2025-08-26 07:20:39,455 - Knowledge - INFO - load persisted docinfo: end
2025-08-26 07:20:39,642 - Knowledge - INFO - worker kw1 created with dedicated MongoDB connection (total: 1)
2025-08-26 07:20:39,727 - Knowledge - INFO - knowledge worker kw1 start
2025-08-26 07:20:39,818 - Knowledge - INFO - Knowledge creation complete
2025-08-26 07:20:39,931 - Knowledge - INFO - Updating org costs, total cost: 0
2025-08-26 07:20:40,743 - Knowledge - INFO - Saving knowledge to Redis...
2025-08-26 07:20:40,867 - Knowledge - INFO - Knowledge saved to Redis successfully
